analysis,analyses,model,signature,resolution,top_cell_type,direction_full_cohort,selected_on_outcome,selection_rule,base,n,events,hr_per_sd,hr_ci_lo,hr_ci_hi,lrt_p_nominal,cindex_base_cv,cindex_with_score_cv_fixed,delta_cindex_cv_fixed_mean,delta_cindex_cv_fixed_lo,delta_cindex_cv_fixed_hi,cindex_with_score_cv_nested,delta_cindex_cv_nested_mean,delta_cindex_cv_nested_lo,delta_cindex_cv_nested_hi,nested_pick_agreement,nested_distinct_picks
primary,primary,hvg_pca,c21_k50,0.3,exhausted T cell,risk,True,largest above-floor margin (risk direction) over the family,age+stage,1072,142,1.1653042135530411,0.9808743616402912,1.3844116670086404,0.08047736341148196,0.7515117287891437,0.7525806610027992,0.0010689322136554936,0.000650689976918939,0.0013742244921344238,0.7505475617541619,-0.0009641670349817444,-0.005212886116976889,0.0025552881860892106,0.68,5
primary,primary;family_max_primary,scgpt,c11_k50,1.0,malignant cell,risk,True,largest above-floor margin (risk direction) over the family,age+stage,1072,142,1.0430234242106875,0.8804886835683081,1.2355614373637647,0.6266974977816537,0.7515117287891437,0.7507570921115094,-0.000754636677634224,-0.002937517392656586,0.0003265727053971101,0.751068113735697,-0.0004436150534465888,-0.0019037797312117632,0.0004910867750331782,0.24,5
primary,primary,geneformer,c14_k100,0.3,malignant cell,risk,True,largest above-floor margin (risk direction) over the family,age+stage,1072,142,1.065325963530066,0.8896591390326557,1.2756789187882502,0.49318312110453977,0.7515117287891437,0.7527279870353091,0.001216258246165447,-0.0003511270441486469,0.0025642914436313944,0.7513693136243841,-0.0001424151647596128,-0.00229746762919677,0.0026043968635925062,0.52,4
sensitivity,sensitivity,hvg_pca,c17_k100,1.0,malignant cell,protective,True,"largest oriented above-floor margin over the family, direction re-read",age+stage,1072,142,0.7866553638416651,0.6784659741750456,0.9120968258036827,0.0018156942342923885,0.7515117287891437,0.7622845356774542,0.010772806888310482,0.008975429291689152,0.012490792122968086,0.7523285697916154,0.0008168410024717909,-0.0052980078246492755,0.008450784920362064,0.2,7
sensitivity,sensitivity,scgpt,c8_k50,1.0,malignant cell,protective,True,"largest oriented above-floor margin over the family, direction re-read",age+stage,1072,142,0.7993640546603302,0.6810052832440867,0.9382935897928686,0.006152315196298301,0.7515117287891437,0.7587421630735485,0.00723043428440473,0.005618032706379217,0.008248620864640187,0.7504460704873218,-0.0010656583018219036,-0.004813468873283178,0.0014495244643062176,0.08,8
sensitivity,sensitivity,geneformer,c14_k25,1.0,malignant cell,protective,True,"largest oriented above-floor margin over the family, direction re-read",age+stage,1072,142,0.9716899944666371,0.8389464967705719,1.1254370200973378,0.7019551047510535,0.7515117287891437,0.7504755356938236,-0.0010361930953199261,-0.0023122002324477476,0.0005025454664506544,0.7498665880927826,-0.0016451406963610138,-0.0037797312118384,0.001182700649871504,0.24,6
family_max_primary,family_max_primary,hvg_pca,c50_k50,1.0,malignant cell,risk,True,largest C over the family,age+stage,1072,142,1.0138667692632577,0.8550439879058708,1.202190577743092,0.8743031433565028,0.7515117287891437,0.7493918708769173,-0.0021198579122264196,-0.004721799341943733,-0.0008176594804301774,0.7507800094943444,-0.0007317192947993822,-0.003819018153841047,0.0025290968914207343,0.2,9
family_max_primary,primary;family_max_primary,scgpt,c11_k50,1.0,malignant cell,risk,True,largest C over the family,age+stage,1072,142,1.0430234242106875,0.8804886835683081,1.2355614373637647,0.6266974977816537,0.7515117287891437,0.7507570921115094,-0.000754636677634224,-0.002937517392656586,0.0003265727053971101,0.7501841575406376,-0.001327571248506243,-0.0027713663671036894,0.0004534367889473034,0.28,4
family_max_primary,family_max_primary,geneformer,c13_k25,0.5,malignant cell,risk,True,largest C over the family,age+stage,1072,142,0.9845607891608894,0.8198409164058835,1.1823756635649623,0.8682535335256959,0.7515117287891437,0.7491757926959026,-0.002335936093241009,-0.004153775638821999,0.00011867930396635136,0.7507374486405082,-0.0007742801486355644,-0.002286008937779238,0.0006547823667108487,0.32,6
family_max_sensitivity,family_max_sensitivity,hvg_pca,c14_k50,0.3,malignant cell,protective,True,"largest max(C, 1 - C) over the family",age+stage,1072,142,0.7468197671347362,0.6370320860238933,0.8755285280281194,0.00048534953962516225,0.7515117287891437,0.7647203260816187,0.013208597292474944,0.011832735844423781,0.014674491315948834,0.7588960369297255,0.0073843081405817745,0.0033631259310186734,0.010467514609831575,0.56,5
family_max_sensitivity,family_max_sensitivity,hvg_pca,c21_k50,0.5,malignant cell,protective,True,"largest max(C, 1 - C) over the family",age+stage,1072,142,0.7468197671347362,0.6370320860238933,0.8755285280281194,0.00048534953962516225,0.7515117287891437,0.7647203260816187,0.013208597292474944,0.011832735844423781,0.014674491315948834,0.7588960369297255,0.0073843081405817745,0.0033631259310186734,0.010467514609831575,0.56,5
family_max_sensitivity,family_max_sensitivity,hvg_pca,c23_k50,1.0,malignant cell,protective,True,"largest max(C, 1 - C) over the family",age+stage,1072,142,0.7468197671347362,0.6370320860238933,0.8755285280281194,0.00048534953962516225,0.7515117287891437,0.7647203260816187,0.013208597292474944,0.011832735844423781,0.014674491315948834,0.7588960369297255,0.0073843081405817745,0.0033631259310186734,0.010467514609831575,0.56,5
family_max_sensitivity,family_max_sensitivity,scgpt,c5_k50,1.0,malignant cell,protective,True,"largest max(C, 1 - C) over the family",age+stage,1072,142,0.9762956934787466,0.841262015417509,1.1330040625120905,0.7527826833111047,0.7515117287891437,0.7507963790535122,-0.0007153497356316097,-0.003171602088755754,0.0012334462832916614,0.7478334888441455,-0.0036782399449982518,-0.007714154757812353,0.0010132757124850622,0.2,8
family_max_sensitivity,family_max_sensitivity,geneformer,c14_k100,1.0,malignant cell,protective,True,"largest max(C, 1 - C) over the family",age+stage,1072,142,1.0106769283408128,0.8723457206473226,1.1709438463484891,0.8872274260318109,0.7515117287891437,0.7487665537167084,-0.002745175072435302,-0.004939514478875073,-0.00027582707197701953,0.7432827513955049,-0.00822897739363877,-0.011199233904630956,-0.005762903305014,0.44,8
reference,reference,proliferation,PAM50 proliferation,,,risk,False,pre-specified,age+stage,1072,142,1.213822874903432,1.028489883385179,1.4325527119327472,0.019832086374471092,0.7515117287891437,0.7597898148602857,0.00827808607114211,0.007398222265874344,0.009100656419322683,0.7597898148602857,0.00827808607114211,0.007398222265874344,0.009100656419322683,,0
primary,primary,hvg_pca,c21_k50,0.3,exhausted T cell,risk,True,largest above-floor margin (risk direction) over the family,age+stage+PAM50,821,116,1.1399004367873984,0.9347825639984446,1.39002700288948,0.19405652490835024,0.7271374668843158,0.7268216971286361,-0.00031576975567984,-0.009471754662955889,0.005436324225962697,0.7255372099868874,-0.001600256897428376,-0.012998742273007059,0.0059420910380261205,0.28,2
primary,primary;family_max_primary,scgpt,c11_k50,1.0,malignant cell,risk,True,largest above-floor margin (risk direction) over the family,age+stage+PAM50,821,116,0.9016106035353936,0.7291847049126325,1.1148090119428036,0.33527506564199233,0.7271374668843158,0.7239637132382455,-0.0031737536460702655,-0.005741389922127971,-0.001333993417003354,0.7230431641199925,-0.004094302764323388,-0.008197971580722007,-0.0014169498782413247,0.0,4
primary,primary,geneformer,c14_k100,0.3,malignant cell,risk,True,largest above-floor margin (risk direction) over the family,age+stage+PAM50,821,116,0.906550025097513,0.7168916324049797,1.1463837919927615,0.4113942482357863,0.7271374668843158,0.7234606224410608,-0.003676844443255134,-0.007645374508282332,-0.000983435467901217,0.720784607562418,-0.006352859321897863,-0.017339238406165514,-0.0009914635125371498,0.24,9
sensitivity,sensitivity,hvg_pca,c17_k100,1.0,malignant cell,protective,True,"largest oriented above-floor margin over the family, direction re-read",age+stage+PAM50,821,116,0.7447178064430457,0.5899356473293473,0.9401103556702327,0.01279952094762274,0.7271374668843158,0.7325216088201449,0.005384141935829145,0.004202681366908367,0.007317562685648526,0.7169150900479007,-0.010222376836415225,-0.023812518397602334,-0.0008309026198185523,0.04,10
sensitivity,sensitivity,scgpt,c8_k50,1.0,malignant cell,protective,True,"largest oriented above-floor margin over the family, direction re-read",age+stage+PAM50,821,116,0.80584926668465,0.6646541933680585,0.9770389581467374,0.027776946441975533,0.7271374668843158,0.7319114774278146,0.004774010543498619,0.002677352886081974,0.008540501485188323,0.7240600497738767,-0.0030774171104391624,-0.007831357542347973,0.0021020096871738224,0.16,5
sensitivity,sensitivity,geneformer,c14_k25,1.0,malignant cell,protective,True,"largest oriented above-floor margin over the family, direction re-read",age+stage+PAM50,821,116,1.0616256587538593,0.8997818925424356,1.2525802626900626,0.47762254768247603,0.7271374668843158,0.7273676041638792,0.00023013727956326945,-0.0020270812705719065,0.0014999063394792178,0.7183922502609114,-0.008745216623404462,-0.014878642725253643,-0.00012711070673551185,0.0,6
family_max_primary,family_max_primary,hvg_pca,c50_k50,1.0,malignant cell,risk,True,largest C over the family,age+stage+PAM50,821,116,0.8037471379290566,0.645487062948062,1.0008093094518455,0.04627417631044239,0.7271374668843158,0.7251732719633922,-0.0019641949209237676,-0.004048810511386491,0.001313923305413611,0.7236747036313521,-0.0034627632529637075,-0.01444111429259548,0.00581631833872992,0.0,7
family_max_primary,primary;family_max_primary,scgpt,c11_k50,1.0,malignant cell,risk,True,largest C over the family,age+stage+PAM50,821,116,0.9016106035353936,0.7291847049126325,1.1148090119428036,0.33527506564199233,0.7271374668843158,0.7239637132382455,-0.0031737536460702655,-0.005741389922127971,-0.001333993417003354,0.723990473387032,-0.0031469934972838455,-0.006921512483609405,-0.00016189890015786413,0.0,2
family_max_primary,family_max_primary,geneformer,c13_k25,0.5,malignant cell,risk,True,largest C over the family,age+stage+PAM50,821,116,1.007314095790976,0.811911660794832,1.2497439519292721,0.9471350355919164,0.7271374668843158,0.7227380984238272,-0.0043993684604886505,-0.009535979020043384,-0.0006542856378281116,0.7215820599962536,-0.005555406888062287,-0.014328721667692468,0.0016310310685327838,0.48,9
family_max_sensitivity,family_max_sensitivity,hvg_pca,c14_k50,0.3,malignant cell,protective,True,"largest max(C, 1 - C) over the family",age+stage+PAM50,821,116,0.5683704100609569,0.39457703892301094,0.8187119146988484,0.0023004729895302963,0.7271374668843158,0.7355776178115551,0.008440150927239131,0.007088763413524579,0.009820974604618792,0.717707190451979,-0.00943027643233696,-0.01855281115363,-0.0018063100430838592,0.0,9
family_max_sensitivity,family_max_sensitivity,hvg_pca,c21_k50,0.5,malignant cell,protective,True,"largest max(C, 1 - C) over the family",age+stage+PAM50,821,116,0.5683704100609573,0.3945770389230114,0.8187119146988489,0.0023004729895302963,0.7271374668843158,0.7355776178115551,0.008440150927239131,0.007088763413524579,0.009820974604618792,0.717707190451979,-0.00943027643233696,-0.01855281115363,-0.0018063100430838592,0.0,9
family_max_sensitivity,family_max_sensitivity,hvg_pca,c23_k50,1.0,malignant cell,protective,True,"largest max(C, 1 - C) over the family",age+stage+PAM50,821,116,0.5683704100609571,0.3945770389230111,0.8187119146988484,0.0023004729895302963,0.7271374668843158,0.7355776178115551,0.008440150927239131,0.007088763413524579,0.009820974604618792,0.717707190451979,-0.00943027643233696,-0.01855281115363,-0.0018063100430838592,0.0,9
family_max_sensitivity,family_max_sensitivity,scgpt,c5_k50,1.0,malignant cell,protective,True,"largest max(C, 1 - C) over the family",age+stage+PAM50,821,116,1.0609171691964807,0.9015811811535286,1.2484125261529915,0.4740410933378789,0.7271374668843158,0.7263453664802377,-0.0007921004040782664,-0.0028004495704996744,0.0011734325242848342,0.7202172924081458,-0.0069201744761701045,-0.014944205089780328,-0.00163370708341134,0.0,6
family_max_sensitivity,family_max_sensitivity,geneformer,c14_k100,1.0,malignant cell,protective,True,"largest max(C, 1 - C) over the family",age+stage+PAM50,821,116,1.0723163069868582,0.9121714341021114,1.2605769258295088,0.39464403185571306,0.7271374668843158,0.726575503759801,-0.0005619631245149748,-0.0031389654526479127,0.0014075838261660477,0.7194626562123685,-0.007674810671947352,-0.01713184725307081,0.000220771227488048,0.0,8
reference,reference,proliferation,PAM50 proliferation,,,risk,False,pre-specified,age+stage+PAM50,821,116,1.0481585480975055,0.8029218347770611,1.3682980015793413,0.728852003487036,0.7271374668843158,0.7238085043752843,-0.0033289625090315413,-0.007314886670769838,-0.0018611683480960317,0.7238085043752843,-0.0033289625090315413,-0.007314886670769838,-0.0018611683480960317,,0
