model,resolution,n_states,n_single_donor,share_single_donor,n_multi_donor,median_top_donor_frac,median_donor_entropy,median_n_donors,spearman_rho_margin_vs_top_donor,spearman_p,best_margin_multi_donor,best_margin_multi_donor_state,best_margin_multi_donor_cell_type,best_margin_single_donor,best_margin_all,best_margin_all_top_donor_frac,median_margin_single_donor,median_margin_other,spearman_rho_margin_or_vs_top_donor,spearman_p_or,best_margin_or_multi_donor,best_margin_or_multi_donor_state,best_margin_or_multi_donor_cell_type,best_margin_or_single_donor,best_margin_or_all,best_margin_or_all_top_donor_frac,median_margin_or_single_donor,median_margin_or_other,fisher_p_single_donor_vs_baseline
hvg_pca,all,123,50,0.4065040650406504,69,0.3995243757431629,2.156494453783996,11.0,0.16600290909161486,0.06650317677433787,0.0752424913835548,1.0/c18_k50,malignant cell,0.0947667405219103,0.0947667405219103,0.8345070422535211,0.0107195116322008,-0.0194102351058592,0.2860049731971797,0.0013420938141286184,0.0809988152387986,1.0/c26_k50,malignant cell,0.096101827917282,0.096101827917282,0.807909604519774,0.04593592288281635,0.0307841734367305,
hvg_pca,0.3,31,13,0.41935483870967744,17,0.3591160220994475,2.0274012334198246,8.0,,,0.0345346350320039,0.3/c5_k50,malignant cell,0.0947667405219103,0.0947667405219103,0.8345070422535211,0.0097752800344658,-0.0148540974273756,,,0.0575109244214673,0.3/c0_k50,memory B cell,0.0947667405219103,0.0947667405219103,0.8345070422535211,0.0500092319054651,0.0201314777203347,
hvg_pca,0.5,42,17,0.40476190476190477,23,0.43260124817421325,2.0252626874079254,11.0,,,0.045853643525357,0.5/c12_k50,T cell,0.0912195347119644,0.0912195347119644,1.0,0.0117919128508124,-0.0256869306991629,,,0.0644603181930082,0.5/c25_k50,malignant cell,0.096101827917282,0.096101827917282,0.807909604519774,0.0445046313392417,0.0327273356720827,
hvg_pca,1.0,50,20,0.4,29,0.39294400605339963,2.278642130392178,15.0,,,0.0752424913835548,1.0/c18_k50,malignant cell,0.0910102012555391,0.0910102012555391,0.8345070422535211,0.0084381154603643,-0.026968511509108797,,,0.0809988152387986,1.0/c26_k50,malignant cell,0.0912980059084194,0.0912980059084194,0.9797297297297296,0.046679475935499704,0.0326210533604135,
scgpt,all,67,6,0.08955223880597014,60,0.1845210004719207,4.4308716992179935,80.0,-0.3038762791148172,0.012421120854599062,0.0741361244460856,1.0/c11_k50,malignant cell,0.0366570500984737,0.0741361244460856,0.436734693877551,-0.0531671590349581,-0.0294891678975874,0.4595260674715006,9.161873130348899e-05,0.0905751477104874,1.0/c8_k50,malignant cell,0.0584313453963565,0.0905751477104874,0.4792243767313019,0.053167159034958,0.0353885862875431,2.0974703159240878e-06
scgpt,0.3,17,1,0.058823529411764705,16,0.152129817444219,4.796151120892521,96.0,,,0.005772633554899,0.3/c6_k50,malignant cell,-0.0533497199655342,0.005772633554899,0.3512569832402235,-0.0533497199655342,-0.02672301975627765,,,0.0585214334071885,0.3/c0_k50,memory B cell,0.0533497199655341,0.0585214334071885,0.152129817444219,0.0533497199655341,0.02672301975627765,0.009209637543924154
scgpt,0.5,18,1,0.05555555555555555,17,0.14102865417942684,4.622474968231849,96.0,,,0.0064555637616937,0.5/c9_k50,malignant cell,-0.052984598104382,0.0064555637616937,0.3503361929051704,-0.052984598104382,-0.0294891678975874,,,0.078873322870507,0.5/c7_k50,malignant cell,0.0529845981043819,0.078873322870507,0.1908496732026143,0.0529845981043819,0.0294891678975874,0.006379464656462627
scgpt,1.0,32,4,0.125,27,0.20751701586492555,4.317405983692804,58.5,,,0.0741361244460856,1.0/c11_k50,malignant cell,0.0366570500984737,0.0741361244460856,0.436734693877551,-0.0499219519325455,-0.028634216518956097,,,0.0905751477104874,1.0/c8_k50,malignant cell,0.0584313453963565,0.0905751477104874,0.4792243767313019,0.0499219519325455,0.0365430360659773,0.011907351147810028
geneformer,all,71,10,0.14084507042253522,59,0.1525423728813559,4.487197780487205,66.0,-0.19868371428062895,0.09670791133198513,0.0352719565484982,0.3/c9_k50,malignant cell,0.0416292005169867,0.0416292005169867,0.8829724985371562,-0.01765109551944855,-0.020925344657804,0.34548731952384837,0.00316850232185367,0.0827771879615952,1.0/c14_k50,malignant cell,0.069375846258001,0.0827771879615952,0.2693208430913349,0.0405907650172329,0.0252447993599211,9.651677437623064e-05
geneformer,0.3,16,2,0.125,14,0.1269304700069378,4.81258732134895,83.0,,,0.0352719565484982,0.3/c9_k50,malignant cell,0.0368350720088626,0.0368350720088626,0.9088714544357273,-0.0031164220211718496,-0.02370903341949775,,,0.0572612013786312,0.3/c5_k50,malignant cell,0.0430679160512063,0.0572612013786312,0.1273303277689777,0.03995149403003445,0.02804368229935985,0.05218542418732604
geneformer,0.5,22,4,0.18181818181818182,17,0.14715834291858035,4.546989878851495,70.5,,,0.0326230151403249,0.5/c13_k50,malignant cell,0.039250984736583,0.039250984736583,0.9011976047904192,-0.01765109551944855,-0.02228505046774985,,,0.0571855766863613,0.5/c0_k50,memory B cell,0.069375846258001,0.069375846258001,0.912,0.039401657127031045,0.0248128615829641,0.09529114336533295
geneformer,1.0,33,4,0.12121212121212122,28,0.1681614349775785,4.363820563328087,62.0,,,0.0325220027080255,1.0/c1_k50,T cell,0.0416292005169867,0.0416292005169867,0.8829724985371562,-0.013218665374199898,-0.0185922113490891,,,0.0827771879615952,1.0/c14_k50,malignant cell,0.0660585918266863,0.0827771879615952,0.2693208430913349,0.042806883924175296,0.0249910758247168,0.006777507031775385
