analysis,model,signature,resolution,top_cell_type,direction_full_cohort,base,n,events,hr_per_sd,hr_ci_lo,hr_ci_hi,lrt_p,cindex_base_cv,cindex_with_score_cv,delta_cindex_cv_mean,delta_cindex_cv_lo,delta_cindex_cv_hi
primary,hvg_pca,c25_k100,0.3,malignant cell,risk,age+stage,1072,138,1.1810090366894928,0.9963673504830326,1.399867573005139,0.05853874003336496,0.6752550273005726,0.6825223065654547,0.007267279264882109,0.0014429351444932626,0.01822812624850173
primary,geneformer,c8_k100,1.0,malignant cell,risk,age+stage,1072,138,1.1758814642848985,0.9902435034186998,1.3963204133884206,0.06786431965284687,0.6752550273005726,0.6816353708882674,0.00638034358769477,0.0002989745638567465,0.017960447463044305
primary,scgpt,c18_k100,1.0,malignant cell,risk,age+stage,1072,138,1.1777239189248057,0.9926281411965554,1.3973345824505983,0.06417667521694037,0.6752550273005726,0.6813770142495672,0.006121986948994551,2.3305366893089377e-05,0.0179098415235051
sensitivity,scgpt,c32_k25,1.0,malignant cell,protective,age+stage,1072,138,0.7827613577255464,0.6725967187024053,0.9109698666541379,0.0023368300330151993,0.6752550273005726,0.7088959914768943,0.033640964176321744,0.026342389133040378,0.04747702756691963
family_max_primary,geneformer,c5_k100,0.5,malignant cell,risk,age+stage,1072,138,1.1782290603573866,0.9924148296644794,1.3988341136941573,0.0642740573142042,0.6752550273005726,0.6816859768278065,0.006430949527233975,0.00021108003728865788,0.0184691703289386
family_max_sensitivity,hvg_pca,c27_k50,0.5,malignant cell,protective,age+stage,1072,138,0.8111236942841595,0.6963650360945862,0.9447942003507169,0.009584668360195284,0.6752550273005726,0.7011266480223732,0.025871620721800492,0.018197496337728103,0.03758622985750425
family_max_sensitivity,geneformer,c14_k25,1.0,malignant cell,protective,age+stage,1072,138,0.9341124333939808,0.7970520490591912,1.0947416034513262,0.40085993225973093,0.6752550273005726,0.6752750033293382,1.997602876551152e-05,-0.007074843521107921,0.0054714342788653725
reference,proliferation,PAM50 proliferation,,,risk,age+stage,1072,138,1.2791968570809975,1.0741971478598922,1.523318696596773,0.004660536297354148,0.6752550273005726,0.6896311093354641,0.014376082034891446,0.006789852177387134,0.027915168464509175
primary,hvg_pca,c25_k100,0.3,malignant cell,risk,age+stage+PAM50,821,111,0.9902684681410017,0.7822397539514575,1.2536203050799943,0.9351964366148755,0.6348190526875997,0.6321358878836261,-0.0026831648039737253,-0.005420658151498947,-0.0008426467979420927
primary,geneformer,c8_k100,1.0,malignant cell,risk,age+stage+PAM50,821,111,0.9874154570534701,0.7789539883905272,1.2516647958150053,0.9166145762691328,0.6348190526875997,0.6318121341138904,-0.003006918573709405,-0.007529492637927904,-0.0009246939861628167
primary,scgpt,c18_k100,1.0,malignant cell,risk,age+stage+PAM50,821,111,0.9904686071390844,0.7810351289260481,1.256061379821657,0.9370032168001412,0.6348190526875997,0.6314573354621252,-0.0033617172254745142,-0.0072722636153982004,-0.0008869966294127286
sensitivity,scgpt,c32_k25,1.0,malignant cell,protective,age+stage+PAM50,821,111,0.8403820144025221,0.6350530465524978,1.1120991135546943,0.22620918213719055,0.6348190526875997,0.6487892496008515,0.013970196913251742,0.011825882561646229,0.017157841050204035
family_max_primary,geneformer,c5_k100,0.5,malignant cell,risk,age+stage+PAM50,821,111,0.9853099504843945,0.7761911699600101,1.250768800389185,0.9031941935772289,0.6348190526875997,0.63206936313642,-0.0027496895511796905,-0.006837635266985942,-0.0007428596771331785
family_max_sensitivity,hvg_pca,c27_k50,0.5,malignant cell,protective,age+stage+PAM50,821,111,0.9089620408593406,0.6635917661911979,1.2450606439337957,0.5538687247142782,0.6348190526875997,0.6387573177221926,0.003938265034592892,0.000797188220684697,0.00750620897640597
family_max_sensitivity,geneformer,c14_k25,1.0,malignant cell,protective,age+stage+PAM50,821,111,1.0234064477779503,0.8554206456805592,1.224380967003922,0.8001998862324374,0.6348190526875997,0.6277984743657974,-0.007020578321802385,-0.011846948731594854,0.0020755721128260067
reference,proliferation,PAM50 proliferation,,,risk,age+stage+PAM50,821,111,1.28194455498287,0.9551779216044127,1.7204981447747867,0.09119518189081781,0.6348190526875997,0.6439240730885223,0.00910502040092247,0.006263304949441162,0.012579829696647116
