model,resolution,topk,n_signatures,signature,top_cell_type,cindex,floor_mean,above_floor,signature_or,top_cell_type_or,direction_or,cindex_or,floor_or_mean,above_floor_or,setting_max_cindex,setting_max_signature,setting_fw_p,setting_fw_p_mc_se,setting_max_cindex_or,setting_max_signature_or,setting_fw_p_or,setting_fw_p_or_mc_se,above_floor_minus_baseline,above_floor_or_minus_baseline
hvg_pca,0.3,25,31,c13_k25,malignant cell,0.556978168996474,0.4852558203505964,0.0717223486458775,c13_k25,malignant cell,risk,0.556978168996474,0.4852558203505964,0.0717223486458775,0.5602915801845507,c16_k25,0.20958083832335328,0.018202016950384026,0.5759458851184076,c14_k25,0.08183632734530938,0.012258804417392485,0.0,0.0
hvg_pca,0.3,50,31,c25_k50,malignant cell,0.5533146615319213,0.4790354847583085,0.0742791767736127,c25_k50,malignant cell,risk,0.5533146615319213,0.4790354847583085,0.0742791767736127,0.5533146615319213,c25_k50,0.3013972055888224,0.020521058942075652,0.5829603140863737,c14_k50,0.04590818363273453,0.009359553654771969,0.0,0.0
hvg_pca,0.3,100,31,c25_k100,malignant cell,0.5690064767811148,0.4750717072194854,0.0939347695616294,c25_k100,malignant cell,risk,0.5690064767811148,0.4750717072194854,0.0939347695616294,0.5690064767811148,c25_k100,0.07385229540918163,0.011695993662102985,0.5789217034684538,c14_k100,0.05788423153692615,0.010443528836203371,0.0,0.0
hvg_pca,0.5,25,42,c37_k25,malignant cell,0.5626922403661007,0.4846312110830479,0.0780610292830527,c27_k25,malignant cell,protective,0.5956513041086299,0.5078657880917252,0.0877855160169046,0.5626922403661007,c37_k25,0.19560878243512975,0.017739559558758826,0.5956513041086299,c27_k25,0.017964071856287425,0.005939926595275326,0.0,0.0
hvg_pca,0.5,50,42,c35_k50,malignant cell,0.5500137537822901,0.4769726049663657,0.0730411488159243,c27_k50,malignant cell,protective,0.5969516617069694,0.512292317887419,0.0846593438195504,0.5512640976268474,c36_k50,0.3772455089820359,0.021676315874009613,0.5969516617069694,c27_k50,0.00998003992015968,0.004445320848566884,0.0,0.0
hvg_pca,0.5,100,42,c35_k100,malignant cell,0.5600540148540849,0.4774351071544674,0.0826189076996174,c35_k100,malignant cell,risk,0.5600540148540849,0.4774351071544674,0.0826189076996174,0.5607667108454825,c36_k100,0.18962075848303392,0.01753081438127464,0.5902873290154793,c27_k100,0.02594810379241517,0.007109824147191436,0.0,0.0
hvg_pca,1.0,25,50,c41_k25,malignant cell,0.5619670409362575,0.4807543324414214,0.081212708494836,c41_k25,malignant cell,risk,0.5619670409362575,0.4807543324414214,0.081212708494836,0.5619920478131486,c20_k25,0.20159680638722555,0.017941880282829725,0.5861987046437771,c26_k25,0.06187624750499002,0.010774746168675273,0.0,0.0
hvg_pca,1.0,50,50,c18_k50,malignant cell,0.5647803145865113,0.4827745755082647,0.0820057390782466,c18_k50,malignant cell,risk,0.5647803145865113,0.4827745755082647,0.0820057390782466,0.5647803145865113,c18_k50,0.18363273453093812,0.017315412402806242,0.5883117857410788,c26_k50,0.03592814371257485,0.008323137894080984,0.0,0.0
hvg_pca,1.0,100,50,c18_k100,malignant cell,0.5613293655755333,0.4759883968091224,0.0853409687664107,c18_k100,malignant cell,risk,0.5613293655755333,0.4759883968091224,0.0853409687664107,0.5613293655755333,c18_k100,0.20359281437125748,0.01800793049229412,0.5876240966265723,c26_k100,0.03592814371257485,0.008323137894080984,0.0,0.0
scgpt,0.3,25,17,c4_k25,pericyte,0.5143289404586261,0.4908537347770637,0.0234752056815624,c7_k25,malignant cell,protective,0.5701192828027708,0.5045394358448574,0.0655798469579134,0.516967165970642,c2_k25,0.9041916167664671,0.01316276087572128,0.5701192828027708,c7_k25,0.11177644710578842,0.01409130746085652,-0.04824714296431509,-0.006142501687964097
scgpt,0.3,50,17,c6_k50,malignant cell,0.5255820350596414,0.4790216059416339,0.0465604291180075,c7_k50,malignant cell,protective,0.5761084298182,0.5079911975793343,0.0681172322388656,0.5255820350596414,c6_k50,0.7684630738522954,0.01886412351410884,0.5761084298182,c7_k50,0.04790419161676647,0.009550851275390125,-0.027718747655605204,-0.00616194453474711
scgpt,0.3,100,17,c6_k100,malignant cell,0.539573382680237,0.4824791192577959,0.0570942634224411,c6_k100,malignant cell,risk,0.539573382680237,0.4824791192577959,0.0570942634224411,0.539573382680237,c6_k100,0.47904191616766467,0.022341027672069018,0.5501012778514092,c9_k100,0.437125748502994,0.022183184104122258,-0.036840506139188295,-0.036840506139188295
scgpt,0.5,25,18,c2_k25,malignant cell,0.5291205081397384,0.500906249218535,0.0282142589212034,c7_k25,malignant cell,protective,0.5783715521768487,0.5069906099177274,0.0713809422591212,0.5291205081397384,c2_k25,0.720558882235529,0.020067574814461964,0.5783715521768487,c7_k25,0.05588822355289421,0.010272753284392255,-0.0498467703618493,-0.016404573757783397
scgpt,0.5,50,18,c9_k50,malignant cell,0.5255820350596414,0.4799722423666508,0.0456097926929905,c7_k50,malignant cell,protective,0.5817224736802621,0.5087350896496536,0.0729873840306084,0.5255820350596414,c9_k50,0.7664670658682635,0.018920639672461315,0.5817224736802621,c7_k50,0.03792415169660679,0.008542354524918706,-0.0274313561229338,-0.011671959788942005
scgpt,0.5,100,18,c9_k100,malignant cell,0.539573382680237,0.4761533171622196,0.0634200655180174,c7_k100,malignant cell,protective,0.5987896671584686,0.5157858411063042,0.0830038260521643,0.539573382680237,c9_k100,0.5049900199600799,0.022359566172034644,0.5987896671584686,c7_k100,0.011976047904191617,0.004864693655470635,-0.019198842181599993,0.0003849183525469063
scgpt,1.0,25,32,c19_k25,malignant cell,0.5570031758733652,0.4889334567005927,0.0680697191727725,c32_k25,malignant cell,protective,0.6050663932581459,0.5100366350746455,0.0950297581835004,0.5570031758733652,c19_k25,0.25748502994011974,0.019554359580249894,0.6050663932581459,c32_k25,0.007984031936127744,0.00398002190199266,-0.013142989322063495,0.013817049688664401
scgpt,1.0,50,32,c18_k50,malignant cell,0.5463877566330742,0.4770124284178149,0.0693753282152592,c9_k50,malignant cell,protective,0.575170671934782,0.5032236365000375,0.0719470354347444,0.5522143589487108,c19_k50,0.2934131736526946,0.020362803499506067,0.5844607266998425,c5_k50,0.05389221556886228,0.010098301309620502,-0.012630410862987398,-0.010058703643502198
scgpt,1.0,100,32,c18_k100,malignant cell,0.563617494811073,0.4763651879266798,0.0872523068843931,c18_k100,malignant cell,risk,0.563617494811073,0.4763651879266798,0.0872523068843931,0.563617494811073,c18_k100,0.12375249500998003,0.014726697864000939,0.5717072194853585,c32_k100,0.1217564870259481,0.014624079108993375,0.0019113381179824002,0.0019113381179824002
geneformer,0.3,25,16,c14_k25,malignant cell,0.5422616219460351,0.4782370776963665,0.0640245442496685,c14_k25,malignant cell,risk,0.5422616219460351,0.4782370776963665,0.0640245442496685,0.5422616219460351,c14_k25,0.4291417165668663,0.022134999601034995,0.5638675635799846,c5_k25,0.18163672654690619,0.017242089555284803,-0.007697804396208999,-0.007697804396208999
geneformer,0.3,50,16,c14_k50,malignant cell,0.5462252119332817,0.4751801745480006,0.071045037385281,c14_k50,malignant cell,risk,0.5462252119332817,0.4751801745480006,0.071045037385281,0.5462252119332817,c14_k50,0.3153692614770459,0.020780350834019554,0.5485383480457126,c12_k50,0.49700598802395207,0.02236027888432017,-0.003234139388331697,-0.003234139388331697
geneformer,0.3,100,16,c14_k100,malignant cell,0.564030108279777,0.4763624371702218,0.0876676711095551,c14_k100,malignant cell,risk,0.564030108279777,0.4763624371702218,0.0876676711095551,0.564030108279777,c14_k100,0.07584830339321358,0.011840214378598439,0.564030108279777,c14_k100,0.1536926147704591,0.016128930214709118,-0.006267098452074293,-0.006267098452074293
geneformer,0.5,25,22,c5_k25,malignant cell,0.531208582360149,0.4774965615544275,0.0537120208057215,c5_k25,malignant cell,risk,0.531208582360149,0.4774965615544275,0.0537120208057215,0.531208582360149,c5_k25,0.7145708582834331,0.020196997141927357,0.5648178249018481,c20_k25,0.1936127744510978,0.017670702760243927,-0.024349008477331194,-0.034073495211183094
geneformer,0.5,50,22,c5_k50,malignant cell,0.5462252119332817,0.4758860561654455,0.0703391557678361,c5_k50,malignant cell,risk,0.5462252119332817,0.4758860561654455,0.0703391557678361,0.5462252119332817,c5_k50,0.34530938123752497,0.021263622102872436,0.5614168896446523,c21_k50,0.2215568862275449,0.018572529843438112,-0.0027019930480882,-0.014320188051714297
geneformer,0.5,100,22,c5_k100,malignant cell,0.5667308509840207,0.4819284053114606,0.08480244567256,c5_k100,malignant cell,risk,0.5667308509840207,0.4819284053114606,0.08480244567256,0.5667308509840207,c5_k100,0.0658682634730539,0.011093208313206622,0.5667308509840207,c5_k100,0.1317365269461078,0.015124947233910287,0.0021835379729426008,0.0021835379729426008
geneformer,1.0,25,33,c8_k25,malignant cell,0.5325339468353797,0.4733788666883393,0.0591550801470403,c14_k25,malignant cell,protective,0.5877616344494736,0.5070237440296081,0.0807378904198654,0.5421240841231338,c1_k25,0.5389221556886228,0.02229282690896561,0.5877616344494736,c14_k25,0.01996007984031936,0.006254866114168622,-0.022057628347795698,-0.000474818074970601
geneformer,1.0,50,33,c8_k50,malignant cell,0.5462252119332817,0.4748023206381755,0.0714228912951061,c8_k50,malignant cell,risk,0.5462252119332817,0.4748023206381755,0.0714228912951061,0.5462252119332817,c8_k50,0.4291417165668663,0.022134999601034995,0.5793843306909401,c14_k50,0.06387225548902195,0.010935500945797321,-0.010582847783140503,-0.010582847783140503
geneformer,1.0,100,33,c8_k100,malignant cell,0.5648053214634025,0.4756693090599915,0.0891360124034109,c8_k100,malignant cell,risk,0.5648053214634025,0.4756693090599915,0.0891360124034109,0.5648053214634025,c8_k100,0.10578842315369262,0.013754797903302534,0.5740953762284629,c14_k100,0.08782435129740519,0.012657901454553607,0.0037950436370002005,0.0037950436370002005
