cohort,subtype_column,analyses,model,signature,resolution,top_cell_type,direction_tcga,n_genes,n_genes_scored,coverage,kw_h,kw_p,eta2_h,epsilon2,n,n_levels,n_Basal,median_Basal,q25_Basal,q75_Basal,n_Her2,median_Her2,q25_Her2,q75_Her2,n_LumA,median_LumA,q25_LumA,q75_LumA,n_LumB,median_LumB,q25_LumB,q75_LumB,n_Normal,median_Normal,q25_Normal,q75_Normal,auc_Basal,auc_Her2,auc_LumA,auc_LumB,auc_Luminal,auc_Normal,tracked_group,auc_tracked,auc_tracked_oriented,higher_in_tracked_group,hr_per_sd_given_pam50,lrt_p_given_pam50,delta_cindex_cv_fixed_given_pam50,n_claudin-low,median_claudin-low,q25_claudin-low,q75_claudin-low,auc_claudin-low,tcga_tracked_group,auc_tracked_tcga_group
TCGA,PAM50Call_RNAseq,primary;sensitivity;family_max_primary,hvg_pca,c25_k100,0.3,malignant cell,risk,100,100,1.0,289.6678718247399,1.833493767630843e-61,0.3412997273891755,0.3444326656655647,842,5,140,0.4807762182447116,0.22563956746416222,0.7750395315722657,67,0.17022592910979506,-0.006145625046678662,0.3506949925612659,420,-0.22473540236618916,-0.4124293994512391,-0.016399640688980106,192,-0.22716211596285493,-0.4615096309835362,-0.023687653867241084,23,0.04169701950523843,-0.10228561578884451,0.22150273204900656,0.8917378917378918,0.7166297544535387,0.30959715639810426,0.3539342948717949,0.13074737141233306,0.6182513139034879,Basal,0.8917378917378918,0.8917378917378918,True,0.9902684681410017,0.9351964366148755,-0.0026831648039737253,,,,,,,
TCGA,PAM50Call_RNAseq,primary;sensitivity,geneformer,c8_k100,1.0,malignant cell,risk,100,100,1.0,287.6942686043044,4.885322543309983e-61,0.3389417784997663,0.3420859317530373,842,5,140,0.4751006446403834,0.2236540136438262,0.7601836579897132,67,0.16470664375927385,-0.012676364575830094,0.34002159199060833,420,-0.1981573496468242,-0.3943396011643127,0.005046949971018692,192,-0.2243678076753965,-0.46761104575842216,-0.026716056261388503,23,0.07054068017019287,-0.11402832045956615,0.21756028964790564,0.8924196174196174,0.7083293211362542,0.31909839765290005,0.3435096153846154,0.13346831486217675,0.6172426607209216,Basal,0.8924196174196174,0.8924196174196174,True,0.9874154570534701,0.9166145762691328,-0.003006918573709405,,,,,,,
TCGA,PAM50Call_RNAseq,primary;family_max_primary,scgpt,c18_k100,1.0,malignant cell,risk,100,100,1.0,290.74290850420766,1.075068110773311e-61,0.3425841200767117,0.34571094946992587,842,5,140,0.48376692203832394,0.20615227113539658,0.7703293049409168,67,0.15427026084264545,-0.03829328833857082,0.32112530572643927,420,-0.2163678844663985,-0.40370001650418913,-0.006555016960315017,192,-0.23097545769414923,-0.46845673028896134,-0.03684662181688991,23,0.06580342237233017,-0.08635778392421065,0.24232378634135418,0.8962047212047212,0.6989118921521426,0.3224215752651772,0.33739583333333334,0.13223216822961067,0.6326909805170675,Basal,0.8962047212047212,0.8962047212047212,True,0.9904686071390844,0.9370032168001412,-0.0033617172254745142,,,,,,,
TCGA,PAM50Call_RNAseq,sensitivity;family_max_sensitivity,scgpt,c32_k25,1.0,malignant cell,protective,25,25,1.0,389.39279104623483,5.445184560620325e-83,0.4604453895414992,0.4630116421477227,842,5,140,-0.6924721935515479,-0.8566155373753241,-0.516902086297008,67,-0.19323278805437594,-0.3494289934195252,0.007169922228188708,420,0.17755241870420468,0.028838285162060155,0.3679943876659477,192,0.06326005706351812,-0.11705583571485205,0.23725642685821213,23,-0.13494635255829227,-0.31201397340395465,-0.02994135951254704,0.030626780626780627,0.33072701011073663,0.788157300835026,0.5505048076923077,0.9076157999431657,0.36959176089610873,Basal,0.030626780626780627,0.9693732193732194,False,0.8403820144025221,0.22620918213719055,0.013970196913251742,,,,,,,
TCGA,PAM50Call_RNAseq,family_max_primary,geneformer,c5_k100,0.5,malignant cell,risk,100,100,1.0,295.1018354630287,1.2340307127330795e-62,0.34779191811592436,0.350893977958417,842,5,140,0.483404819945433,0.23683635092118047,0.7692159594801838,67,0.17192978610234022,-0.009353079552614087,0.3379722308697858,420,-0.20880931155342153,-0.4091382946774209,-0.010352533882332001,192,-0.23291320952105882,-0.47611623599008424,-0.032257401352306855,23,0.07421428312535426,-0.0902909319339775,0.23725133363310727,0.8952686202686203,0.712258064516129,0.318037689009253,0.3386698717948718,0.1278417163967036,0.6335934596804162,Basal,0.8952686202686203,0.8952686202686203,True,0.9853099504843945,0.9031941935772289,-0.0027496895511796905,,,,,,,
TCGA,PAM50Call_RNAseq,family_max_sensitivity,hvg_pca,c27_k50,0.5,malignant cell,protective,50,50,1.0,454.3795375756058,4.909454494084475e-97,0.5380878585132686,0.5402848247034552,842,5,140,-0.7235614402840693,-0.8894189009956256,-0.578612336432871,67,-0.09788770428609951,-0.2782883463650315,0.058558431764356864,420,0.23214055816853632,0.10776003357939785,0.37166600018008483,192,0.044391385887150116,-0.13018860547399289,0.1928287457187505,23,-0.13620082534103792,-0.31095194547156824,0.1123871078802341,0.014743589743589743,0.3428406355320173,0.8529056646355224,0.46428685897435895,0.9127024722932652,0.38105855497159846,Basal,0.014743589743589743,0.9852564102564103,False,0.9089620408593406,0.5538687247142782,0.003938265034592892,,,,,,,
TCGA,PAM50Call_RNAseq,family_max_sensitivity,geneformer,c14_k25,1.0,malignant cell,protective,25,25,1.0,30.81334577544567,3.3418542102397872e-06,0.032035060663614896,0.03663893671277725,842,5,140,-0.12387722011961018,-0.3412809781969407,0.10726211371170316,67,-0.19516495464234726,-0.3923839741268671,0.0293134355385637,420,0.017781064923716366,-0.2074713098920763,0.2190738446384776,192,-0.010754281192250872,-0.18369583590720484,0.18357677825573782,23,-0.005218449085490051,-0.2097958089594118,0.20614964928187676,0.41035816035816036,0.3578623013962446,0.5742044685172647,0.5209935897435898,0.6120488775220233,0.5222169135212613,Her2,0.3578623013962446,0.6421376986037555,False,1.0234064477779503,0.8001998862324374,-0.007020578321802385,,,,,,,
TCGA,PAM50Call_RNAseq,reference,proliferation,PAM50 proliferation,,,risk,11,11,1.0,516.2050828930555,2.0939299917072733e-110,0.6119535040538298,0.6137991473163562,842,5,140,1.009809255006509,0.7345990246359779,1.3086439616650258,67,0.5703022345322988,0.2733903385217217,0.8391580917706969,420,-0.40980095696087454,-0.8888990189602828,-0.05129744862274613,192,0.5114818112363481,0.23853472978960774,0.8117325661885242,23,-0.5446892643000463,-1.3158586800213783,0.12529592920110952,0.9099511599511599,0.6882811747713048,0.08462536673437147,0.7202483974358974,0.17225063938618926,0.2912353347135956,LumA,0.08462536673437147,0.9153746332656285,False,1.28194455498287,0.09119518189081781,0.00910502040092247,,,,,,,
METABRIC,CLAUDIN_SUBTYPE,primary;sensitivity;family_max_primary,hvg_pca,c25_k100,0.3,malignant cell,risk,100,98,0.98,462.6335270173877,9.244718107573936e-98,0.232537361289323,0.23448227421053608,1974,6,209,0.5718833408323416,0.3168321575393026,0.7440041871604383,224,0.08154651965332903,-0.1512362559957336,0.3276039654878866,700,-0.12754518456239425,-0.2994318156736861,0.04297632875478294,475,-0.09897739767258756,-0.25770753369313215,0.09526403923613538,148,0.03054213147381521,-0.15222600563179514,0.174853130979621,0.9006058798812638,0.5799030612244898,0.33277640726620317,0.41759488781995013,0.2786547013554177,0.5288401764305378,Basal,0.9006058798812638,0.9006058798812638,True,,,,218.0,0.058266843863747225,-0.2164029061794825,0.32761666441942167,0.5546252951871434,Basal,0.9006058798812638
METABRIC,CLAUDIN_SUBTYPE,primary;sensitivity,geneformer,c8_k100,1.0,malignant cell,risk,100,98,0.98,439.97320110674445,7.144129675192436e-93,0.22102296804204494,0.22299706087518725,1974,6,209,0.5604709443523134,0.3034527087854569,0.7412233266402717,224,0.0850099048133514,-0.1682239756645846,0.3261398500100537,700,-0.11166546068593036,-0.28588755245449304,0.05191076881632814,475,-0.09591413431372255,-0.2577093856454046,0.09325113028937504,148,0.037765799820708414,-0.15854678317599014,0.18401671469629455,0.8980386841427546,0.571844387755102,0.3452276295133438,0.41572416698851866,0.2890634569808005,0.5342019182380628,Basal,0.8980386841427546,0.8980386841427546,True,,,,218.0,0.04259523592881155,-0.23485145753923775,0.30542474019656224,0.5360389542538296,Basal,0.8980386841427546
METABRIC,CLAUDIN_SUBTYPE,primary;family_max_primary,scgpt,c18_k100,1.0,malignant cell,risk,100,98,0.98,460.3081742282957,2.9347370022800934e-97,0.23135577958754863,0.23330368688712402,1974,6,209,0.5847279790127553,0.2919787567409461,0.7679875422255572,224,0.07168101314008107,-0.15491353423482507,0.3276695323007361,700,-0.12303749942054454,-0.292414815805912,0.047435394446153786,475,-0.10557817560055316,-0.2735542978054222,0.09031855214909668,148,0.04845081508760904,-0.15154710774949176,0.18214034418665806,0.9009149192837876,0.5719948979591837,0.3413220453016371,0.4049085355149047,0.2771506936862568,0.5390863207128267,Basal,0.9009149192837876,0.9009149192837876,True,,,,218.0,0.0735875145120731,-0.2079099911757733,0.31603924718210064,0.5588806921485444,Basal,0.9009149192837876
METABRIC,CLAUDIN_SUBTYPE,sensitivity;family_max_sensitivity,scgpt,c32_k25,1.0,malignant cell,protective,25,25,1.0,876.1748496363971,3.812764256514775e-187,0.442670147172966,0.4440825390959945,1974,6,209,-0.5383349237295362,-0.7343215214642332,-0.3412771613495863,224,-0.14744182642734105,-0.3702376717449795,0.08421936539710106,700,0.20950751115312588,0.05557374830001606,0.38916481112283474,475,0.22447240622541828,0.038021707198567664,0.3894250111926508,148,0.07558107702235459,-0.1599861762662917,0.32181587987593463,0.13193271615815227,0.35066071428571427,0.7213556851311953,0.6800294933464415,0.8468063803158203,0.53352106213552,Basal,0.13193271615815227,0.8680672838418477,False,,,,218.0,-0.6168508450578928,-0.8773529928214322,-0.2744517220680156,0.13340891517418654,Basal,0.13193271615815227
METABRIC,CLAUDIN_SUBTYPE,family_max_primary,geneformer,c5_k100,0.5,malignant cell,risk,100,98,0.98,457.201665942217,1.3732409838030972e-96,0.2297772692795818,0.23172917685870095,1974,6,209,0.5684966278260337,0.3048272562463726,0.7567879413375066,224,0.08178879466365689,-0.16412167178889958,0.32144966824516297,700,-0.12083259239641184,-0.29326459403549965,0.05068518475199956,475,-0.10129001543452851,-0.26397879182054707,0.0902121899053987,148,0.05146237123053148,-0.1443064100076375,0.19437413304225343,0.8990769481003564,0.5717015306122449,0.34096658443597216,0.40592114040939575,0.27758101882672487,0.5407440573103224,Basal,0.8990769481003564,0.8990769481003564,True,,,,218.0,0.06227771835505598,-0.20576189745933454,0.32629455871778373,0.5587265678878184,Basal,0.8990769481003564
METABRIC,CLAUDIN_SUBTYPE,family_max_sensitivity,hvg_pca,c27_k50,0.5,malignant cell,protective,50,48,0.96,1058.8936877864599,1.065330643537945e-226,0.5355150852573475,0.5366921884371312,1974,6,209,-0.6227185555420719,-0.7558763045490308,-0.39439357593292873,224,-0.1332738271858991,-0.2816837715070226,0.05806404811953676,700,0.28832816448455384,0.14662594371354115,0.4253814980059358,475,0.1564168161237827,-0.01939542067030625,0.2922614207551037,148,0.11486240707637749,-0.06498623063386108,0.2595818460602649,0.10082003876546891,0.3367423469387755,0.817257232563355,0.5919974719988764,0.8711389236545682,0.5333656493295047,Basal,0.10082003876546891,0.899179961234531,False,,,,218.0,-0.5741069651673214,-0.8541321288360355,-0.27255350518798266,0.11807746964535747,Basal,0.10082003876546891
METABRIC,CLAUDIN_SUBTYPE,family_max_sensitivity,geneformer,c14_k25,1.0,malignant cell,protective,25,22,0.88,140.48684344087633,1.409880976807169e-28,0.06884494077280301,0.0712046849674994,1974,6,209,-0.15704187797525426,-0.3569588168716166,0.06348827053031986,224,-0.13620466436293446,-0.3174787780053191,0.07677325992226473,700,0.05903722953993651,-0.12301754883599599,0.2348733294814974,475,-0.020040828567657886,-0.21042952966623846,0.15521336661157126,148,0.15417995485295594,-0.051635894035822985,0.35688709540960684,0.36608428100898655,0.3691964285714286,0.5954204978694775,0.47892138618728275,0.5746544883231699,0.6491444895059353,Normal,0.6491444895059353,0.6491444895059353,True,,,,218.0,-0.06406642451782887,-0.23044347311292857,0.19063821385752103,0.4746112933898978,Her2,0.3691964285714286
METABRIC,CLAUDIN_SUBTYPE,reference,proliferation,PAM50 proliferation,,,risk,11,11,1.0,1026.510712442856,1.0943686339594274e-219,0.5190603213632398,0.5202791244008393,1974,6,209,1.1514563333030443,0.6345865155980835,1.505753066780999,224,0.3327938402132917,0.049966297618316516,0.6675705300718083,700,-0.580444661544303,-0.8781443379582514,-0.27153865408638717,475,0.37232615251066953,0.04430650509544846,0.7143218275309928,148,-0.6420384481368346,-1.0796893934686667,-0.20126326850496223,0.8861813302248668,0.6721301020408164,0.1565934065934066,0.7177430567746919,0.3389353713418369,0.24893801249222935,Basal,0.8861813302248668,0.8861813302248668,True,,,,218.0,0.12901096026966957,-0.6841640954898107,0.8486306102222186,0.5238474640028422,LumA,0.1565934065934066
