model,kind,representation,repeat,cindex,cindex_clinical_same_folds,n,events,penalizers
clinical,cox,,0,0.7541701451979899,0.7541701451979899,1072,142,
clinical,cox,,1,0.753441699815024,0.753441699815024,1072,142,
clinical,cox,,2,0.7511827006498715,0.7511827006498715,1072,142,
clinical,cox,,3,0.7427851167968047,0.7427851167968047,1072,142,
clinical,cox,,4,0.7484899081667731,0.7484899081667731,1072,142,
clinical_prolif,cox,,0,0.7611353926238766,0.7541701451979899,1072,142,
clinical_prolif,cox,,1,0.7624285877981306,0.753441699815024,1072,142,
clinical_prolif,cox,,2,0.7550459166134657,0.7511827006498715,1072,142,
clinical_prolif,cox,,3,0.7474995498371229,0.7427851167968047,1072,142,
clinical_prolif,cox,,4,0.7567647203260817,0.7484899081667731,1072,142,
ridge_hvg_pca,ridge,hvg_pca,0,0.7528851348033198,0.7541701451979899,1072,142,1.0;0.1;0.1;1.0;100.0
ridge_hvg_pca,ridge,hvg_pca,1,0.7470248326212575,0.753441699815024,1072,142,0.1;1.0;100.0;10.0;0.1
ridge_hvg_pca,ridge,hvg_pca,2,0.7502987444548118,0.7511827006498715,1072,142,1.0;10.0;10.0;1.0;1.0
ridge_hvg_pca,ridge,hvg_pca,3,0.7520339177265957,0.7427851167968047,1072,142,0.1;1.0;0.1;1.0;1.0
ridge_hvg_pca,ridge,hvg_pca,4,0.7599895234821327,0.7484899081667731,1072,142,1.0;0.1;1.0;10.0;0.1
xgb_hvg_pca,xgb,hvg_pca,0,0.725204210250618,0.7541701451979899,1072,142,
xgb_hvg_pca,xgb,hvg_pca,1,0.7105043461179591,0.753441699815024,1072,142,
xgb_hvg_pca,xgb,hvg_pca,2,0.7231907544729821,0.7511827006498715,1072,142,
xgb_hvg_pca,xgb,hvg_pca,3,0.7438000294652065,0.7427851167968047,1072,142,
xgb_hvg_pca,xgb,hvg_pca,4,0.7493165709047456,0.7484899081667731,1072,142,
ridge_scgpt,ridge,scgpt,0,0.7451423333169638,0.7541701451979899,1072,142,1.0;1.0;0.1;10.0;100.0
ridge_scgpt,ridge,scgpt,1,0.7488091145705447,0.753441699815024,1072,142,0.1;1.0;100.0;10.0;1.0
ridge_scgpt,ridge,scgpt,2,0.7386927270048618,0.7511827006498715,1072,142,0.1;10.0;1.0;1.0;1.0
ridge_scgpt,ridge,scgpt,3,0.7452896593494737,0.7427851167968047,1072,142,0.1;1.0;0.1;1.0;1.0
ridge_scgpt,ridge,scgpt,4,0.7476632454288006,0.7484899081667731,1072,142,1.0;1.0;100.0;10.0;0.1
xgb_scgpt,xgb,scgpt,0,0.7177887999476175,0.7541701451979899,1072,142,
xgb_scgpt,xgb,scgpt,1,0.6832490301036193,0.753441699815024,1072,142,
xgb_scgpt,xgb,scgpt,2,0.6944949172518784,0.7511827006498715,1072,142,
xgb_scgpt,xgb,scgpt,3,0.7104552374404557,0.7427851167968047,1072,142,
xgb_scgpt,xgb,scgpt,4,0.7081634991569677,0.7484899081667731,1072,142,
ridge_geneformer,ridge,geneformer,0,0.7434235296043478,0.7541701451979899,1072,142,10.0;1.0;0.1;10.0;100.0
ridge_geneformer,ridge,geneformer,1,0.7509862659398583,0.753441699815024,1072,142,1.0;100.0;100.0;10.0;100.0
ridge_geneformer,ridge,geneformer,2,0.748350766913847,0.7511827006498715,1072,142,1.0;100.0;10.0;1.0;1.0
ridge_geneformer,ridge,geneformer,3,0.73753048830395,0.7427851167968047,1072,142,0.1;1.0;1.0;1.0;1.0
ridge_geneformer,ridge,geneformer,4,0.7450441159619572,0.7484899081667731,1072,142,1.0;1.0;100.0;100.0;0.1
xgb_geneformer,xgb,geneformer,0,0.7352060109021265,0.7541701451979899,1072,142,
xgb_geneformer,xgb,geneformer,1,0.7111754980438377,0.753441699815024,1072,142,
xgb_geneformer,xgb,geneformer,2,0.7027451750724353,0.7511827006498715,1072,142,
xgb_geneformer,xgb,geneformer,3,0.7303769909476338,0.7427851167968047,1072,142,
xgb_geneformer,xgb,geneformer,4,0.7328487943819673,0.7484899081667731,1072,142,
clinical_pam50,cox,,0,0.7282105488506516,0.7286788514544141,821,116,
clinical_pam50,cox,,1,0.7328266745163103,0.7324654125076936,821,116,
clinical_pam50,cox,,2,0.7295886965131526,0.7326393534748054,821,116,
clinical_pam50,cox,,3,0.7342717225507773,0.7364794348256576,821,116,
clinical_pam50,cox,,4,0.7361850731890069,0.7368674569830608,821,116,
clinical_on_pam50_set,cox,,0,0.7286788514544141,0.7286788514544141,821,116,
clinical_on_pam50_set,cox,,1,0.7324654125076936,0.7324654125076936,821,116,
clinical_on_pam50_set,cox,,2,0.7326393534748054,0.7326393534748054,821,116,
clinical_on_pam50_set,cox,,3,0.7364794348256576,0.7364794348256576,821,116,
clinical_on_pam50_set,cox,,4,0.7368674569830608,0.7368674569830608,821,116,
