model,resolution,signature,repeat,n_cells_left,matched_cluster,matched_size,cell_jaccard,marker_jaccard,top_donor_kept
hvg_pca,0.3,c21_k50,0,284,17,284,1.0,0.9607843137254902,True
hvg_pca,0.3,c14_k50,0,352,5,1147,0.30688753269398433,0.20481927710843373,True
hvg_pca,0.5,c21_k50,0,353,19,353,1.0,0.8867924528301887,True
hvg_pca,1.0,c17_k100,0,8,48,162,0.005917159763313609,0.0989010989010989,False
hvg_pca,1.0,c50_k50,0,385,46,388,0.9922680412371134,0.9230769230769231,True
hvg_pca,1.0,c23_k50,0,355,21,353,0.9943661971830986,0.8867924528301887,True
hvg_pca,0.3,c21_k50,1,47,23,47,1.0,0.6666666666666666,False
hvg_pca,0.3,c14_k50,1,353,16,357,0.988795518207283,0.9607843137254902,True
hvg_pca,0.5,c21_k50,1,354,13,365,0.9380053908355795,0.9607843137254902,True
hvg_pca,1.0,c17_k100,1,444,32,481,0.9151138716356108,0.941747572815534,True
hvg_pca,1.0,c50_k50,1,4,15,913,0.004381161007667032,0.1111111111111111,False
hvg_pca,1.0,c23_k50,1,356,17,373,0.9544235924932976,0.9607843137254902,True
hvg_pca,0.3,c21_k50,2,284,19,284,1.0,0.9607843137254902,True
hvg_pca,0.3,c14_k50,2,323,15,319,0.9814814814814815,0.9607843137254902,True
hvg_pca,0.5,c21_k50,2,324,19,329,0.9848024316109423,0.9607843137254902,True
hvg_pca,1.0,c17_k100,2,8,50,163,0.0058823529411764705,0.07526881720430108,False
hvg_pca,1.0,c50_k50,2,4,32,777,0.005148005148005148,0.07526881720430108,False
hvg_pca,1.0,c23_k50,2,326,22,336,0.9528023598820059,0.9607843137254902,True
hvg_pca,0.3,c21_k50,3,281,21,281,1.0,0.9607843137254902,True
hvg_pca,0.3,c14_k50,3,353,15,354,0.9971751412429378,0.9230769230769231,True
hvg_pca,0.5,c21_k50,3,354,15,356,0.9943820224719101,0.9230769230769231,True
hvg_pca,1.0,c17_k100,3,442,35,504,0.8732673267326733,0.9047619047619048,True
hvg_pca,1.0,c50_k50,3,385,53,389,0.9897172236503856,0.9607843137254902,True
hvg_pca,1.0,c23_k50,3,356,24,354,0.9943820224719101,0.9230769230769231,True
hvg_pca,0.3,c21_k50,4,281,21,281,1.0,0.9607843137254902,True
hvg_pca,0.3,c14_k50,4,353,16,661,0.5340393343419062,0.3157894736842105,True
hvg_pca,0.5,c21_k50,4,354,18,666,0.5315315315315315,0.3157894736842105,True
hvg_pca,1.0,c17_k100,4,444,28,485,0.9036885245901639,0.941747572815534,True
hvg_pca,1.0,c50_k50,4,385,47,386,0.9974093264248705,0.9230769230769231,True
hvg_pca,1.0,c23_k50,4,356,20,371,0.9595687331536388,0.9230769230769231,True
hvg_pca,0.3,c21_k50,5,284,23,284,1.0,0.9607843137254902,True
hvg_pca,0.3,c14_k50,5,353,17,664,0.5316265060240963,0.2987012987012987,True
hvg_pca,0.5,c21_k50,5,354,18,661,0.5355521936459909,0.2987012987012987,True
hvg_pca,1.0,c17_k100,5,6,53,162,0.005988023952095809,0.0989010989010989,False
hvg_pca,1.0,c50_k50,5,385,50,389,0.9897172236503856,0.9607843137254902,True
hvg_pca,1.0,c23_k50,5,356,27,369,0.964769647696477,0.9607843137254902,True
hvg_pca,0.3,c21_k50,6,284,20,284,1.0,1.0,True
hvg_pca,0.3,c14_k50,6,352,15,352,0.9943342776203966,0.9230769230769231,True
hvg_pca,0.5,c21_k50,6,353,18,356,0.9915730337078652,0.9230769230769231,True
hvg_pca,1.0,c17_k100,6,7,24,2093,0.0019083969465648854,0.19047619047619047,False
hvg_pca,1.0,c50_k50,6,381,46,385,0.9896103896103896,0.9230769230769231,True
hvg_pca,1.0,c23_k50,6,355,20,369,0.962059620596206,0.9607843137254902,True
hvg_pca,0.3,c21_k50,7,284,21,284,1.0,1.0,True
hvg_pca,0.3,c14_k50,7,353,17,357,0.988795518207283,0.9607843137254902,True
hvg_pca,0.5,c21_k50,7,354,18,357,0.9915966386554622,0.9607843137254902,True
hvg_pca,1.0,c17_k100,7,442,27,491,0.8924949290060852,0.941747572815534,True
hvg_pca,1.0,c50_k50,7,385,45,388,0.9922680412371134,0.9230769230769231,True
hvg_pca,1.0,c23_k50,7,356,15,393,0.905852417302799,0.8181818181818182,True
hvg_pca,0.3,c21_k50,8,284,21,284,1.0,1.0,True
hvg_pca,0.3,c14_k50,8,353,6,334,0.9461756373937678,0.9230769230769231,True
hvg_pca,0.5,c21_k50,8,354,22,660,0.5363636363636364,0.2987012987012987,True
hvg_pca,1.0,c17_k100,8,8,48,162,0.005917159763313609,0.08695652173913043,False
hvg_pca,1.0,c50_k50,8,385,46,387,0.9948320413436692,0.9607843137254902,True
hvg_pca,1.0,c23_k50,8,356,19,372,0.956989247311828,0.9230769230769231,True
hvg_pca,0.3,c21_k50,9,44,19,44,1.0,0.6666666666666666,False
hvg_pca,0.3,c14_k50,9,353,17,663,0.5324283559577677,0.2987012987012987,True
hvg_pca,0.5,c21_k50,9,354,21,667,0.5284431137724551,0.2987012987012987,True
hvg_pca,1.0,c17_k100,9,444,28,490,0.9022403258655805,0.941747572815534,True
hvg_pca,1.0,c50_k50,9,385,45,386,0.9974093264248705,1.0,True
hvg_pca,1.0,c23_k50,9,356,19,370,0.9621621621621622,0.9230769230769231,True
hvg_pca,0.3,c21_k50,10,284,17,284,1.0,0.9607843137254902,True
hvg_pca,0.3,c14_k50,10,353,10,673,0.524517087667162,0.3157894736842105,True
hvg_pca,0.5,c21_k50,10,354,14,678,0.5221238938053098,0.3157894736842105,True
hvg_pca,1.0,c17_k100,10,441,27,492,0.888663967611336,0.941747572815534,True
hvg_pca,1.0,c50_k50,10,4,31,851,0.004700352526439483,0.0989010989010989,False
hvg_pca,1.0,c23_k50,10,356,16,370,0.9621621621621622,0.9607843137254902,True
hvg_pca,0.3,c21_k50,11,284,20,284,1.0,1.0,True
hvg_pca,0.3,c14_k50,11,353,15,354,0.9971751412429378,0.9607843137254902,True
hvg_pca,0.5,c21_k50,11,354,18,354,1.0,0.9607843137254902,True
hvg_pca,1.0,c17_k100,11,439,5,495,0.8868686868686869,0.9230769230769231,True
hvg_pca,1.0,c50_k50,11,385,46,387,0.9948320413436692,1.0,True
hvg_pca,1.0,c23_k50,11,356,21,360,0.9888888888888889,0.9607843137254902,True
hvg_pca,0.3,c21_k50,12,284,20,284,1.0,0.9607843137254902,True
hvg_pca,0.3,c14_k50,12,323,16,324,0.9969135802469136,0.9230769230769231,True
hvg_pca,0.5,c21_k50,12,324,18,326,0.9938650306748467,0.9230769230769231,True
hvg_pca,1.0,c17_k100,12,442,25,483,0.9072164948453608,0.9230769230769231,True
hvg_pca,1.0,c50_k50,12,385,46,387,0.9948320413436692,0.9607843137254902,True
hvg_pca,1.0,c23_k50,12,326,19,324,0.9938650306748467,0.9230769230769231,True
hvg_pca,0.3,c21_k50,13,237,21,237,1.0,0.8867924528301887,True
hvg_pca,0.3,c14_k50,13,352,15,668,0.5269461077844312,0.3157894736842105,True
hvg_pca,0.5,c21_k50,13,353,18,667,0.5292353823088456,0.2987012987012987,True
hvg_pca,1.0,c17_k100,13,442,4,506,0.8698224852071006,0.9047619047619048,True
hvg_pca,1.0,c50_k50,13,4,29,814,0.004914004914004914,0.0989010989010989,False
hvg_pca,1.0,c23_k50,13,355,20,357,0.9943977591036415,0.9230769230769231,True
hvg_pca,0.3,c21_k50,14,284,19,284,1.0,1.0,True
hvg_pca,0.3,c14_k50,14,68,13,370,0.18059299191374664,0.13636363636363635,False
hvg_pca,0.5,c21_k50,14,68,17,370,0.18059299191374664,0.13636363636363635,False
hvg_pca,1.0,c17_k100,14,440,29,485,0.8877551020408163,0.9230769230769231,True
hvg_pca,1.0,c50_k50,14,381,48,386,0.9870466321243523,0.9607843137254902,True
hvg_pca,1.0,c23_k50,14,68,20,370,0.18059299191374664,0.13636363636363635,False
hvg_pca,0.3,c21_k50,15,281,20,281,1.0,1.0,True
hvg_pca,0.3,c14_k50,15,323,8,1639,0.1970713849908481,0.25,True
hvg_pca,0.5,c21_k50,15,324,16,628,0.508716323296355,0.28205128205128205,True
hvg_pca,1.0,c17_k100,15,443,29,490,0.8963414634146342,0.941747572815534,True
hvg_pca,1.0,c50_k50,15,4,33,879,0.004550625711035267,0.1111111111111111,False
hvg_pca,1.0,c23_k50,15,326,22,322,0.975609756097561,0.9230769230769231,True
hvg_pca,0.3,c21_k50,16,240,22,240,1.0,0.8518518518518519,True
hvg_pca,0.3,c14_k50,16,68,16,370,0.18059299191374664,0.13636363636363635,False
hvg_pca,0.5,c21_k50,16,68,16,372,0.17962466487935658,0.13636363636363635,False
hvg_pca,1.0,c17_k100,16,441,9,513,0.8596491228070176,0.941747572815534,True
hvg_pca,1.0,c50_k50,16,385,49,386,0.9974093264248705,0.9607843137254902,True
hvg_pca,1.0,c23_k50,16,68,18,376,0.17771883289124668,0.13636363636363635,False
hvg_pca,0.3,c21_k50,17,284,20,284,1.0,0.9607843137254902,True
hvg_pca,0.3,c14_k50,17,352,5,719,0.48956884561891517,0.3157894736842105,True
hvg_pca,0.5,c21_k50,17,353,16,663,0.5324283559577677,0.2987012987012987,True
hvg_pca,1.0,c17_k100,17,443,4,527,0.8371212121212122,0.941747572815534,True
hvg_pca,1.0,c50_k50,17,385,51,387,0.9948320413436692,0.9607843137254902,True
hvg_pca,1.0,c23_k50,17,355,21,356,0.9860335195530726,0.9230769230769231,True
hvg_pca,0.3,c21_k50,18,0,,0,0.0,0.0,False
hvg_pca,0.3,c14_k50,18,353,14,712,0.4957865168539326,0.3157894736842105,True
hvg_pca,0.5,c21_k50,18,354,19,696,0.5086206896551724,0.3157894736842105,True
hvg_pca,1.0,c17_k100,18,444,27,493,0.9006085192697769,0.9047619047619048,True
hvg_pca,1.0,c50_k50,18,385,47,389,0.9897172236503856,0.9607843137254902,True
hvg_pca,1.0,c23_k50,18,356,20,371,0.9595687331536388,0.9230769230769231,True
hvg_pca,0.3,c21_k50,19,3,22,279,0.010752688172043012,0.6949152542372882,False
hvg_pca,0.3,c14_k50,19,353,14,666,0.53003003003003,0.3157894736842105,True
hvg_pca,0.5,c21_k50,19,354,18,667,0.5307346326836582,0.3157894736842105,True
hvg_pca,1.0,c17_k100,19,443,29,483,0.9053497942386831,0.9230769230769231,True
hvg_pca,1.0,c50_k50,19,381,44,386,0.9870466321243523,0.9230769230769231,True
hvg_pca,1.0,c23_k50,19,356,20,360,0.9888888888888889,0.9607843137254902,True
scgpt,1.0,c11_k50,0,729,32,654,0.8588709677419355,0.8181818181818182,True
scgpt,1.0,c8_k50,0,791,5,1226,0.6161858974358975,0.6666666666666666,True
scgpt,1.0,c5_k50,0,778,2,786,0.902676399026764,0.6949152542372882,True
scgpt,1.0,c11_k50,1,378,15,2457,0.1367281475541299,0.17647058823529413,False
scgpt,1.0,c8_k50,1,282,17,298,0.14624505928853754,0.06382978723404255,False
scgpt,1.0,c5_k50,1,578,17,298,0.3292867981790592,0.3157894736842105,False
scgpt,1.0,c11_k50,2,395,27,243,0.5637254901960784,0.20481927710843373,False
scgpt,1.0,c8_k50,2,999,17,2191,0.26386687797147385,0.3698630136986301,True
scgpt,1.0,c5_k50,2,921,8,691,0.7222222222222222,0.639344262295082,True
scgpt,1.0,c11_k50,3,468,35,351,0.7133891213389121,0.2345679012345679,True
scgpt,1.0,c8_k50,3,1050,5,1679,0.6062389640965273,0.5873015873015873,True
scgpt,1.0,c5_k50,3,526,5,1679,0.15808823529411764,0.041666666666666664,False
scgpt,1.0,c11_k50,4,702,14,1538,0.44144144144144143,0.3888888888888889,True
scgpt,1.0,c8_k50,4,1039,3,1644,0.5875739644970415,0.5873015873015873,True
scgpt,1.0,c5_k50,4,889,12,751,0.8061674008810573,0.7241379310344828,True
scgpt,1.0,c11_k50,5,668,33,329,0.4858420268256334,0.25,True
scgpt,1.0,c8_k50,5,1005,5,1209,0.4919137466307278,0.47058823529411764,True
scgpt,1.0,c5_k50,5,877,2,921,0.8966244725738397,0.7241379310344828,True
scgpt,1.0,c11_k50,6,693,24,715,0.9447513812154696,0.8867924528301887,True
scgpt,1.0,c8_k50,6,440,22,3160,0.08761329305135952,0.35135135135135137,False
scgpt,1.0,c5_k50,6,589,25,374,0.45468277945619334,0.2987012987012987,True
scgpt,1.0,c11_k50,7,709,13,738,0.8456632653061225,0.8518518518518519,True
scgpt,1.0,c8_k50,7,984,7,1590,0.37794432548179874,0.35135135135135137,True
scgpt,1.0,c5_k50,7,900,3,748,0.7588046958377801,0.5873015873015873,True
scgpt,1.0,c11_k50,8,711,22,739,0.9256308100929614,0.8181818181818182,True
scgpt,1.0,c8_k50,8,761,12,1216,0.5409197194076384,0.4084507042253521,True
scgpt,1.0,c5_k50,8,590,2,381,0.25777202072538863,0.14942528735632185,False
scgpt,1.0,c11_k50,9,685,16,607,0.8404558404558404,0.7857142857142857,True
scgpt,1.0,c8_k50,9,1026,9,1226,0.7858842188739096,0.8518518518518519,True
scgpt,1.0,c5_k50,9,938,2,852,0.8568464730290456,0.8518518518518519,True
scgpt,1.0,c11_k50,10,130,14,1743,0.03824833702882483,0.12359550561797752,False
scgpt,1.0,c8_k50,10,1017,17,1318,0.7309117865085248,0.7543859649122807,True
scgpt,1.0,c5_k50,10,775,8,360,0.41697877652933835,0.47058823529411764,True
scgpt,1.0,c11_k50,11,696,16,1271,0.5355191256830601,0.47058823529411764,True
scgpt,1.0,c8_k50,11,781,7,1538,0.4630914826498423,0.3333333333333333,True
scgpt,1.0,c5_k50,11,852,5,830,0.7502601456815817,0.639344262295082,True
scgpt,1.0,c11_k50,12,699,31,707,0.9473684210526315,0.8518518518518519,True
scgpt,1.0,c8_k50,12,250,11,981,0.033585222502099076,0.19047619047619047,False
scgpt,1.0,c5_k50,12,495,11,981,0.2098360655737705,0.05263157894736842,False
scgpt,1.0,c11_k50,13,368,15,1035,0.28127853881278536,0.2345679012345679,False
scgpt,1.0,c8_k50,13,512,2,671,0.1736111111111111,0.16279069767441862,False
scgpt,1.0,c5_k50,13,751,11,468,0.5851755526657998,0.4084507042253521,True
scgpt,1.0,c11_k50,14,671,32,607,0.830945558739255,0.8181818181818182,True
scgpt,1.0,c8_k50,14,1007,30,747,0.6484962406015038,0.7543859649122807,True
scgpt,1.0,c5_k50,14,725,6,545,0.6821192052980133,0.4925373134328358,True
scgpt,1.0,c11_k50,15,394,14,2919,0.11099932930918846,0.14942528735632185,False
scgpt,1.0,c8_k50,15,995,29,1848,0.3023362345396244,0.3888888888888889,True
scgpt,1.0,c5_k50,15,780,10,611,0.7088452088452089,0.4492753623188406,True
scgpt,1.0,c11_k50,16,691,12,673,0.9103641456582633,0.8181818181818182,True
scgpt,1.0,c8_k50,16,1034,4,1429,0.38917089678510997,0.3333333333333333,True
scgpt,1.0,c5_k50,16,886,8,465,0.4829857299670692,0.3698630136986301,True
scgpt,1.0,c11_k50,17,693,25,707,0.9553072625698324,0.7857142857142857,True
scgpt,1.0,c8_k50,17,801,9,1490,0.4238657551274083,0.3333333333333333,True
scgpt,1.0,c5_k50,17,677,5,484,0.6375176304654443,0.5384615384615384,False
scgpt,1.0,c11_k50,18,684,33,350,0.4835007173601148,0.2345679012345679,True
scgpt,1.0,c8_k50,18,1054,21,1888,0.5299011960478419,0.5384615384615384,True
scgpt,1.0,c5_k50,18,747,3,507,0.6370757180156658,0.6129032258064516,True
scgpt,1.0,c11_k50,19,471,31,358,0.702258726899384,0.26582278481012656,True
scgpt,1.0,c8_k50,19,1005,7,1498,0.6565188616810059,0.6949152542372882,True
scgpt,1.0,c5_k50,19,776,3,552,0.6683417085427136,0.47058823529411764,True
geneformer,0.3,c14_k100,0,104,2,7122,0.01034675615212528,0.10497237569060773,False
geneformer,0.5,c13_k25,0,3566,7,3279,0.6589917595734367,0.5151515151515151,True
geneformer,1.0,c14_k25,0,680,3,762,0.7913043478260869,0.6666666666666666,True
geneformer,1.0,c14_k100,0,680,3,762,0.7913043478260869,0.5151515151515151,True
geneformer,0.3,c14_k100,1,1581,4,1675,0.9334916864608076,0.9047619047619048,True
geneformer,0.5,c13_k25,1,3005,7,2739,0.8582982853445487,0.7857142857142857,False
geneformer,1.0,c14_k25,1,443,3,625,0.5705882352941176,0.21951219512195122,False
geneformer,1.0,c14_k100,1,443,3,625,0.5705882352941176,0.19047619047619047,False
geneformer,0.3,c14_k100,2,1633,14,1655,0.9724055188962207,0.9607843137254902,True
geneformer,0.5,c13_k25,2,3162,16,3351,0.7508064516129033,0.7241379310344828,False
geneformer,1.0,c14_k25,2,836,13,835,0.7570977917981072,0.7241379310344828,True
geneformer,1.0,c14_k100,2,836,13,835,0.7570977917981072,0.7391304347826086,True
geneformer,0.3,c14_k100,3,1607,3,1618,0.980958230958231,0.9047619047619048,True
geneformer,0.5,c13_k25,3,3241,5,2896,0.8871463714637147,0.6666666666666666,True
geneformer,1.0,c14_k25,3,378,12,1489,0.21076523994811933,0.06382978723404255,False
geneformer,1.0,c14_k100,3,378,12,1489,0.21076523994811933,0.06382978723404255,False
geneformer,0.3,c14_k100,4,1646,14,1648,0.9831426851294401,0.9230769230769231,True
geneformer,0.5,c13_k25,4,3417,9,3202,0.902558206381144,0.8518518518518519,True
geneformer,1.0,c14_k25,4,777,14,824,0.8857479387514723,0.9230769230769231,True
geneformer,1.0,c14_k100,4,777,14,824,0.8857479387514723,0.9047619047619048,True
geneformer,0.3,c14_k100,5,101,4,2580,0.01169811320754717,0.12994350282485875,False
geneformer,0.5,c13_k25,5,2656,10,3450,0.7268099547511312,0.6129032258064516,True
geneformer,1.0,c14_k25,5,778,5,806,0.8902147971360382,0.8518518518518519,True
geneformer,1.0,c14_k100,5,778,5,806,0.8902147971360382,0.8181818181818182,True
geneformer,0.3,c14_k100,6,1635,5,1643,0.9782739891369946,0.941747572815534,True
geneformer,0.5,c13_k25,6,2762,9,2827,0.6864815932407966,0.5151515151515151,True
geneformer,1.0,c14_k25,6,504,3,521,0.7888307155322862,0.5625,True
geneformer,1.0,c14_k100,6,504,3,521,0.7888307155322862,0.43884892086330934,True
geneformer,0.3,c14_k100,7,1648,14,1657,0.9707811568276684,0.9607843137254902,True
geneformer,0.5,c13_k25,7,3461,10,3139,0.8824871648602396,0.9230769230769231,True
geneformer,1.0,c14_k25,7,803,4,784,0.9353658536585366,0.9230769230769231,True
geneformer,1.0,c14_k100,7,803,4,784,0.9353658536585366,0.8691588785046729,True
geneformer,0.3,c14_k100,8,119,6,529,0.02531645569620253,0.14285714285714285,False
geneformer,0.5,c13_k25,8,3235,9,2868,0.8388068695390177,0.8518518518518519,True
geneformer,1.0,c14_k25,8,455,20,209,0.4248927038626609,0.3157894736842105,False
geneformer,1.0,c14_k100,8,455,20,209,0.4248927038626609,0.3793103448275862,False
geneformer,0.3,c14_k100,9,1643,12,1645,0.9843089921544961,0.9801980198019802,True
geneformer,0.5,c13_k25,9,3134,9,2872,0.9042485732403297,0.8518518518518519,True
geneformer,1.0,c14_k25,9,828,2,757,0.5897693079237714,0.5151515151515151,True
geneformer,1.0,c14_k100,9,828,2,757,0.5897693079237714,0.47058823529411764,True
geneformer,0.3,c14_k100,10,1633,3,1676,0.9649643705463183,0.9607843137254902,True
geneformer,0.5,c13_k25,10,2478,9,2622,0.6776315789473685,0.5151515151515151,False
geneformer,1.0,c14_k25,10,669,5,619,0.5260663507109005,0.19047619047619047,True
geneformer,1.0,c14_k100,10,669,5,619,0.5260663507109005,0.3422818791946309,True
geneformer,0.3,c14_k100,11,1617,15,1650,0.971635485817743,0.9607843137254902,True
geneformer,0.5,c13_k25,11,3164,10,3425,0.7827380952380952,0.7241379310344828,True
geneformer,1.0,c14_k25,11,767,13,751,0.7428243398392652,0.6666666666666666,True
geneformer,1.0,c14_k100,11,767,13,751,0.7428243398392652,0.6528925619834711,True
geneformer,0.3,c14_k100,12,1600,16,1636,0.9719683120048751,0.9230769230769231,True
geneformer,0.5,c13_k25,12,3213,3,2877,0.8612469437652812,0.7241379310344828,True
geneformer,1.0,c14_k25,12,377,5,245,0.5948717948717949,0.47058823529411764,False
geneformer,1.0,c14_k100,12,377,5,245,0.5948717948717949,0.3793103448275862,False
geneformer,0.3,c14_k100,13,1615,14,1625,0.981651376146789,0.941747572815534,True
geneformer,0.5,c13_k25,13,2641,8,2539,0.9199406968124537,0.8518518518518519,False
geneformer,1.0,c14_k25,13,632,5,515,0.745814307458143,0.42857142857142855,True
geneformer,1.0,c14_k100,13,632,5,515,0.745814307458143,0.45985401459854014,True
geneformer,0.3,c14_k100,14,1629,14,1655,0.9723723723723724,0.9047619047619048,True
geneformer,0.5,c13_k25,14,2829,4,2740,0.9303292894280762,0.7857142857142857,True
geneformer,1.0,c14_k25,14,608,12,710,0.7549933422103862,0.6666666666666666,True
geneformer,1.0,c14_k100,14,608,12,710,0.7549933422103862,0.5748031496062992,True
geneformer,0.3,c14_k100,15,1604,15,1624,0.9791538933169834,0.9607843137254902,True
geneformer,0.5,c13_k25,15,2861,3,3038,0.7380671773718327,0.6666666666666666,False
geneformer,1.0,c14_k25,15,658,10,585,0.8552238805970149,0.7241379310344828,True
geneformer,1.0,c14_k100,15,658,10,585,0.8552238805970149,0.6,True
geneformer,0.3,c14_k100,16,1629,13,1626,0.9727272727272728,0.9047619047619048,True
geneformer,0.5,c13_k25,16,3600,12,3334,0.9012887304633945,0.8518518518518519,True
geneformer,1.0,c14_k25,16,780,16,913,0.7839831401475237,0.6129032258064516,True
geneformer,1.0,c14_k100,16,780,16,913,0.7839831401475237,0.6,True
geneformer,0.3,c14_k100,17,1612,13,1632,0.9756394640682094,0.941747572815534,True
geneformer,0.5,c13_k25,17,3108,4,3188,0.9372307692307692,0.7241379310344828,True
geneformer,1.0,c14_k25,17,550,10,445,0.7704626334519573,0.5151515151515151,False
geneformer,1.0,c14_k100,17,550,10,445,0.7704626334519573,0.4925373134328358,False
geneformer,0.3,c14_k100,18,1601,14,1622,0.9724602203182374,0.9047619047619048,True
geneformer,0.5,c13_k25,18,3243,17,3030,0.8758971291866029,0.7857142857142857,True
geneformer,1.0,c14_k25,18,622,5,526,0.8193343898573693,0.7241379310344828,True
geneformer,1.0,c14_k100,18,622,5,526,0.8193343898573693,0.6528925619834711,True
geneformer,0.3,c14_k100,19,1621,8,1657,0.9652278177458034,0.9607843137254902,True
geneformer,0.5,c13_k25,19,2976,3,2972,0.9330516737081573,0.8518518518518519,True
geneformer,1.0,c14_k25,19,666,5,451,0.6378299120234604,0.42857142857142855,True
geneformer,1.0,c14_k100,19,666,5,451,0.6378299120234604,0.43884892086330934,True
