model,resolution,signature,cluster,topk,roles,top_cell_type,n_cells,top_donor,top_donor_frac,single_donor,n_repeats,n_cells_left_mean,cell_jaccard_mean,cell_jaccard_sd,marker_jaccard_mean,marker_jaccard_sd,frac_cell_jaccard_ge_0.5,n_repeats_donor_kept,n_cells_left_mean_donor_kept,cell_jaccard_mean_donor_kept,cell_jaccard_sd_donor_kept,marker_jaccard_mean_donor_kept,marker_jaccard_sd_donor_kept,frac_cell_jaccard_ge_0.5_donor_kept
hvg_pca,0.3,c21_k50,21,50,primary pick,exhausted T cell,284,BC394_Tumor,0.8345070422535211,True,20,226.9,0.9005376344086022,0.30614367117229035,0.8726583701028291,0.2337393840153621,0.9,16,277.75,1.0,0.0,0.9640574259053727,0.041949878676830886,1.0
scgpt,1.0,c11_k50,11,50,primary pick; primary family max,malignant cell,735,pal_Patient 0337,0.436734693877551,False,20,581.75,0.6276144327640933,0.3028647888865173,0.5083983135852301,0.30455484437651215,0.65,15,664.6666666666666,0.7614205874920573,0.18803684433856085,0.6186058474768004,0.2706974758421271,0.8
geneformer,0.3,c14_k100,14,100,primary pick,malignant cell,1657,pal_Patient 0135,0.9088714544357273,True,20,1393.9,0.8289262084842169,0.3506308588520696,0.8158941505968752,0.2984038703011594,0.85,17,1620.8235294117646,0.9724213438016742,0.011540024169773903,0.9376535288567585,0.02610647201792806,1.0
hvg_pca,1.0,c17_k100,17,100,sensitivity pick,malignant cell,444,pal_Patient 0025,0.9797297297297296,True,20,333.55,0.6675907459810603,0.3928181105596952,0.724553885816975,0.3648127464992476,0.75,15,442.26666666666665,0.8884134550836493,0.020774710640649927,0.9293715992745119,0.015120281446847036,1.0
scgpt,1.0,c8_k50,8,50,sensitivity pick,malignant cell,1083,pal_Patient 0125,0.4792243767313019,False,20,841.65,0.44279374271444916,0.21760468050742518,0.45964303179197125,0.21385632115559042,0.45,16,959.3125,0.5259262605209922,0.14946632144411978,0.5265257880689638,0.17671367370513127,0.5625
geneformer,1.0,c14_k25,14,25,sensitivity pick,malignant cell,854,Patient4_T7,0.2693208430913349,False,20,640.55,0.7037990511449507,0.17647025014031562,0.5596732243085999,0.2374707533988213,0.9,15,707.2,0.7669600276980241,0.1124176551835641,0.6405728853124107,0.1968167470513899,1.0
hvg_pca,1.0,c50_k50,50,50,primary family max,malignant cell,385,pal_Patient 0337,0.9896103896103896,True,20,289.15,0.7456320850620458,0.4388784081789717,0.739847618120863,0.38027944409389813,0.75,15,384.2,0.9925965034622509,0.0036359893950030373,0.9534439416792359,0.025879888386983713,1.0
geneformer,0.5,c13_k25,13,25,primary family max,malignant cell,3907,pal_Patient 0337,0.0821602252367545,False,20,3087.6,0.8327028657079646,0.09364867218508009,0.7389786860031575,0.12448140769193546,1.0,15,3173.6666666666665,0.847287541604679,0.0908157891657226,0.7490700979762901,0.1260433035040797,1.0
hvg_pca,0.3,c14_k50,14,50,sensitivity family max,malignant cell,353,BIOKEY_30,0.8073654390934845,True,20,319.8,0.6460466990716784,0.30834602010568507,0.537756546827661,0.34301233991170166,0.7,18,347.77777777777777,0.6977637776447819,0.27918262790222986,0.5823557591014416,0.33232299038230184,0.7777777777777778
hvg_pca,0.5,c21_k50,21,50,sensitivity family max,malignant cell,354,BIOKEY_30,0.807909604519774,True,20,320.7,0.6759095978885217,0.28024118714071294,0.5405301709992404,0.3366498924216107,0.9,18,348.77777777777777,0.7309985722765183,0.23588428740532677,0.5854375637365298,0.32452032885105553,1.0
hvg_pca,1.0,c23_k50,23,50,sensitivity family max,malignant cell,356,BIOKEY_30,0.8089887640449438,True,20,322.5,0.8907551281790557,0.2442912900911634,0.8505442023755009,0.24654327649513133,0.9,18,350.77777777777777,0.9698217077097845,0.022502292320639352,0.9298975985990414,0.03550897808285068,1.0
scgpt,1.0,c5_k50,5,50,sensitivity family max,malignant cell,998,Patient4_T7,0.2094188376753507,False,20,752.5,0.5961153619405037,0.2274569717161794,0.4765957506968804,0.22351671630727837,0.65,15,812.2666666666667,0.6886537659048195,0.1526150987749847,0.5622626979214334,0.15434582359055646,0.8
geneformer,1.0,c14_k100,14,100,sensitivity family max,malignant cell,854,Patient4_T7,0.2693208430913349,False,20,640.55,0.7037990511449507,0.17647025014031562,0.5291429388283955,0.21326934188364394,0.9,15,707.2,0.7669600276980241,0.1124176551835641,0.6051596530513111,0.16904421213666793,1.0
