model,resolution,n_repeats,n_donors_kept,n_cells_kept_mean,n_clusters_full_mean,n_clusters_sub_mean,ari_mean,ari_sd,ari_min,ari_max
hvg_pca,0.3,20,122,39889.4,33.9,31.65,0.8503675792543577,0.08824187777303016,0.6162525780623177,0.9476127674672745
hvg_pca,0.5,20,122,39889.4,45.85,40.0,0.8031420410673252,0.039659565027405,0.6988872911744085,0.8680116015052106
hvg_pca,1.0,20,122,39889.4,57.85,53.6,0.8234965678578299,0.04176913401351634,0.7498405007471404,0.9021668319009287
scgpt,0.3,20,122,39889.4,17.8,17.65,0.9309055684685994,0.026105908180399203,0.8716530913265171,0.9599688321280998
scgpt,0.5,20,122,39889.4,20.6,21.75,0.8900616645506947,0.052295062732320395,0.7740409677089823,0.9615038662667845
scgpt,1.0,20,122,39889.4,34.6,33.8,0.8313124395305437,0.03433970949355524,0.7582335961314939,0.8937228538667733
geneformer,0.3,20,122,39889.4,16.0,15.6,0.9073842950444575,0.04752458800773349,0.7887074528212198,0.9631682532274408
geneformer,0.5,20,122,39889.4,22.95,20.55,0.8468916653083569,0.03789553263439215,0.7742169597020025,0.904074677378117
geneformer,1.0,20,122,39889.4,34.95,33.55,0.8705879712450322,0.02623931719720819,0.8239117635687911,0.9193094136389306
