model,resolution,cluster,n_cells,kept,n_donors,top_donor,top_donor_frac,donor_entropy,n_datasets,top_dataset_frac,top_assay_frac,median_genes_per_cell,top_cell_type,top_cell_type_frac,second_cell_type,second_cell_type_frac,single_donor,ribo_frac_k25,mito_frac_k25,lnc_frac_k25,ribo_frac_k50,mito_frac_k50,lnc_frac_k50,ribo_frac_k100,mito_frac_k100,lnc_frac_k100
hvg_pca,0.3,0,1564,True,102,pal_Patient 0176,0.14769820971867006,5.345243364501121,6,0.40153452685422,0.518542199488491,905.5,memory B cell,0.5626598465473146,B cell,0.2640664961636829,False,0.44,0.0,0.0,0.46,0.0,0.0,0.43,0.0,0.0
hvg_pca,0.3,1,10595,True,136,pal_Patient 0177,0.08862671071260028,6.031112967282024,8,0.36347333647947144,0.36347333647947144,733.0,T cell,0.3731005191127891,"effector memory CD8-positive, alpha-beta T cell",0.08079282680509674,False,0.2,0.0,0.0,0.3,0.0,0.0,0.29,0.0,0.01
hvg_pca,0.3,2,2473,True,129,Patient2_T3,0.09260008087343308,6.015208287043015,7,0.5131419328750505,0.4917104731095835,1548.0,endothelial cell,0.6004852405984634,vein endothelial cell,0.1338455317428225,False,0.0,0.0,0.0,0.0,0.0,0.0,0.0,0.0,0.0
hvg_pca,0.3,3,7143,True,106,pal_Patient 0178,0.14405711885762285,4.67710024973074,8,0.4503709925801484,0.8124037519249615,903.0,malignant cell,0.9273414531709366,luminal epithelial cell of mammary gland,0.05977880442391152,False,0.16,0.0,0.04,0.26,0.0,0.04,0.2,0.0,0.02
hvg_pca,0.3,4,254,True,7,CID4290A,0.8149606299212598,0.908682384769462,3,0.8543307086614174,0.8503937007874016,2188.5,luminal epithelial cell of mammary gland,0.7480314960629921,malignant cell,0.14566929133858267,True,0.0,0.0,0.0,0.0,0.0,0.0,0.0,0.0,0.0
hvg_pca,0.3,5,1572,True,30,pal_Patient 0176,0.30216284987277353,2.7883504977408995,6,0.4395674300254453,0.5012722646310432,2111.0,malignant cell,0.938295165394402,mammary gland epithelial cell,0.04961832061068702,False,0.08,0.0,0.0,0.08,0.0,0.0,0.08,0.0,0.0
hvg_pca,0.3,6,45,False,1,BIOKEY_24,1.0,-0.0,1,1.0,1.0,3755.0,malignant cell,1.0,,0.0,True,,,,,,,,,
hvg_pca,0.3,7,536,True,7,pal_Patient 0043,0.5335820895522388,1.1525036421734043,3,0.503731343283582,0.5541044776119403,2234.5,malignant cell,0.9981343283582089,luminal epithelial cell of mammary gland,0.0018656716417910447,False,0.0,0.0,0.0,0.0,0.0,0.0,0.0,0.0,0.01
hvg_pca,0.3,8,2945,True,118,BIOKEY_35,0.10390492359932088,5.550509390127324,7,0.43056027164685906,0.43056027164685906,1418.0,malignant cell,0.7086587436332767,T cell,0.08183361629881154,False,0.04,0.0,0.0,0.1,0.0,0.0,0.07,0.0,0.0
hvg_pca,0.3,9,5063,True,134,pal_Patient 0177,0.058858384357100536,6.1546536150203455,7,0.4479557574560537,0.40154058858384356,1605.0,macrophage,0.5127394825202449,myeloid cell,0.2332609125024689,False,0.0,0.0,0.0,0.0,0.0,0.0,0.0,0.0,0.0
hvg_pca,0.3,10,1243,True,78,pal_Patient 0177,0.2083668543845535,4.45653467305101,8,0.40466613032984716,0.46017699115044247,757.0,IgG plasma cell,0.6894609814963797,plasmablast,0.14641995172968625,False,0.0,0.0,0.0,0.0,0.0,0.0,0.0,0.0,0.0
hvg_pca,0.3,11,4117,True,134,pal_Patient 0025,0.09642943891182901,6.092001611674014,8,0.37988826815642457,0.37988826815642457,1556.0,fibroblast,0.8416322564974495,fibroblast of breast,0.08112703424823901,False,0.0,0.0,0.0,0.0,0.0,0.0,0.0,0.0,0.0
hvg_pca,0.3,12,1340,True,125,pal_Patient 0114,0.057462686567164176,6.25410479912656,8,0.41119402985074627,0.3850746268656716,1468.5,pericyte,0.3358208955223881,fibroblast,0.26119402985074625,False,0.0,0.0,0.0,0.0,0.0,0.0,0.0,0.0,0.0
hvg_pca,0.3,13,388,True,8,pal_Patient 0167,0.9819587628865979,0.18094485653002546,4,0.5309278350515464,0.9845360824742269,2523.0,malignant cell,0.9948453608247423,luminal epithelial cell of mammary gland,0.002577319587628866,True,0.08,0.0,0.0,0.06,0.0,0.0,0.05,0.0,0.0
hvg_pca,0.3,14,353,True,4,BIOKEY_30,0.8073654390934845,0.916556516397593,2,0.8101983002832861,0.8101983002832861,2594.0,malignant cell,0.8781869688385269,T cell,0.07365439093484419,True,0.04,0.0,0.0,0.04,0.0,0.0,0.02,0.0,0.0
hvg_pca,0.3,15,439,True,5,BIOKEY_26,0.8519362186788155,0.7611437630878897,2,0.8610478359908884,0.8610478359908884,523.0,malignant cell,0.9658314350797267,fibroblast,0.009111617312072893,True,0.24,0.0,0.0,0.22,0.0,0.0,0.21,0.0,0.0
hvg_pca,0.3,16,724,True,7,CID44991,0.35911602209944754,2.0274012334198246,3,0.6422651933701657,0.6422651933701657,883.5,mammary gland epithelial cell,0.2941988950276243,malignant cell,0.15469613259668508,False,0.0,0.0,0.0,0.0,0.0,0.0,0.02,0.0,0.0
hvg_pca,0.3,17,186,False,5,BIOKEY_17,0.7580645161290323,0.9609122278622014,1,1.0,1.0,3505.0,malignant cell,1.0,,0.0,False,,,,,,,,,
hvg_pca,0.3,18,292,True,48,TBB035,0.13013698630136986,4.823570974905499,8,0.6267123287671232,0.5787671232876712,992.0,mast cell,0.9315068493150684,fibroblast,0.023972602739726026,False,0.0,0.0,0.0,0.0,0.0,0.0,0.03,0.0,0.0
hvg_pca,0.3,19,2174,True,34,TBB129,0.12143514259429623,4.00587248979172,4,0.9250229990800368,0.983440662373505,1166.0,"effector memory CD8-positive, alpha-beta T cell",0.1968721251149954,natural killer cell,0.14121435142594296,False,0.0,0.0,0.0,0.0,0.0,0.0,0.0,0.0,0.0
hvg_pca,0.3,20,542,True,5,BC302_Tumor,0.33210332103321033,2.1657121062621547,1,1.0,0.9833948339483395,1333.5,malignant cell,0.5369003690036901,memory B cell,0.12361623616236163,False,0.0,0.0,0.0,0.0,0.0,0.0,0.0,0.0,0.0
hvg_pca,0.3,21,284,True,3,BC394_Tumor,0.8345070422535211,0.7039653282684427,1,1.0,1.0,1209.0,exhausted T cell,0.7746478873239436,malignant cell,0.14084507042253522,True,0.0,0.0,0.0,0.0,0.0,0.0,0.0,0.0,0.0
hvg_pca,0.3,22,209,True,3,BC17086-24_Tumor,0.4784688995215311,1.2871444398429928,1,1.0,1.0,1510.0,malignant cell,0.4258373205741627,memory B cell,0.15311004784688995,False,0.0,0.0,0.0,0.0,0.0,0.0,0.0,0.0,0.0
hvg_pca,0.3,23,374,True,60,pal_Patient 0114,0.2914438502673797,4.402412255730363,6,0.42780748663101603,0.4625668449197861,1205.0,malignant cell,0.8048128342245989,basal-myoepithelial cell of mammary gland,0.15240641711229946,False,0.0,0.0,0.0,0.08,0.0,0.0,0.16,0.0,0.0
hvg_pca,0.3,24,234,True,4,BIOKEY_21,0.9401709401709402,0.3707122111044345,1,1.0,1.0,487.0,malignant cell,0.9914529914529915,T cell,0.004273504273504274,True,0.16,0.0,0.0,0.2,0.0,0.0,0.22,0.0,0.0
hvg_pca,0.3,25,1583,True,8,pal_Patient 0135,0.948831332912192,0.35129369714795744,5,0.4914718888186987,0.9905243209096652,1866.0,malignant cell,0.9595704358812381,mammary gland epithelial cell,0.03916614024005054,True,0.12,0.0,0.0,0.1,0.0,0.0,0.07,0.0,0.0
hvg_pca,0.3,26,337,True,1,pal_Patient 0308,1.0,-0.0,2,0.5281899109792285,1.0,3283.0,malignant cell,1.0,,0.0,True,0.12,0.0,0.0,0.06,0.0,0.0,0.04,0.0,0.0
hvg_pca,0.3,27,529,True,2,pal_Patient 0040,0.998109640831758,0.01982694610029531,3,0.5274102079395085,0.998109640831758,1350.0,malignant cell,0.998109640831758,mammary gland epithelial cell,0.001890359168241966,True,0.24,0.0,0.0,0.22,0.0,0.0,0.22,0.0,0.0
hvg_pca,0.3,28,485,True,5,pal_Patient 4031,0.9896907216494846,0.10265024451348195,2,0.5319587628865979,0.9938144329896907,2892.0,malignant cell,1.0,,0.0,True,0.48,0.0,0.0,0.32,0.0,0.0,0.23,0.0,0.0
hvg_pca,0.3,29,505,True,6,pal_Patient 0163,0.9881188118811881,0.11977302979105216,2,0.5247524752475248,0.996039603960396,1542.0,malignant cell,1.0,,0.0,True,0.32,0.0,0.0,0.26,0.0,0.02,0.2,0.0,0.01
hvg_pca,0.3,30,563,True,11,TBB075,0.2984014209591474,2.4861308424902524,2,0.9982238010657194,1.0,3718.0,malignant cell,1.0,,0.0,False,0.0,0.0,0.0,0.0,0.0,0.0,0.0,0.0,0.0
hvg_pca,0.3,31,543,True,5,pal_Patient 0131,0.990791896869245,0.09319374497661974,3,0.5340699815837937,0.992633517495396,1951.0,malignant cell,1.0,,0.0,True,0.8,0.0,0.0,0.68,0.0,0.0,0.5,0.0,0.0
hvg_pca,0.3,32,276,True,1,BC401_Tumor,1.0,-0.0,1,1.0,1.0,2583.5,malignant cell,1.0,,0.0,True,0.0,0.0,0.0,0.0,0.0,0.0,0.0,0.0,0.0
hvg_pca,0.3,33,58,False,1,HTAPP-783,1.0,-0.0,1,1.0,1.0,2635.5,malignant cell,1.0,,0.0,True,,,,,,,,,
hvg_pca,0.3,34,34,False,13,BIOKEY_28,0.17647058823529413,3.4729377533214834,1,1.0,1.0,2126.5,"plasmacytoid dendritic cell, human",1.0,,0.0,False,,,,,,,,,
hvg_pca,0.5,0,374,True,34,BIOKEY_4,0.22727272727272727,4.0854368067931235,4,0.9866310160427807,0.9866310160427807,1133.5,B cell,0.9786096256684492,malignant cell,0.0106951871657754,False,0.44,0.0,0.0,0.42,0.0,0.0,0.38,0.0,0.0
hvg_pca,0.5,1,1245,True,78,pal_Patient 0177,0.20803212851405622,4.462112590807548,8,0.40401606425702813,0.45943775100401607,755.0,IgG plasma cell,0.6883534136546184,plasmablast,0.1461847389558233,False,0.0,0.0,0.0,0.0,0.0,0.0,0.0,0.0,0.0
hvg_pca,0.5,2,2480,True,129,Patient2_T3,0.09233870967741936,6.018474898492048,7,0.5112903225806451,0.4899193548387097,1540.5,endothelial cell,0.6004032258064517,vein endothelial cell,0.13346774193548386,False,0.0,0.0,0.0,0.0,0.0,0.0,0.0,0.0,0.0
hvg_pca,0.5,3,3014,True,133,pal_Patient 0025,0.13171864631718647,5.870742426246432,8,0.4243530192435302,0.35733244857332447,1143.5,fibroblast,0.7803583278035833,fibroblast of breast,0.1108161911081619,False,0.0,0.0,0.0,0.0,0.0,0.0,0.0,0.0,0.0
hvg_pca,0.5,4,1137,True,43,BIOKEY_3,0.10993843447669305,4.7061332045889035,3,0.9956024626209323,0.9956024626209323,2382.0,fibroblast,0.9868073878627969,malignant cell,0.008795074758135445,False,0.0,0.0,0.0,0.0,0.0,0.0,0.0,0.0,0.0
hvg_pca,0.5,5,1341,True,125,pal_Patient 0114,0.05741983594332588,6.254311179206329,8,0.4108873974645787,0.38478747203579416,1470.0,pericyte,0.33557046979865773,fibroblast,0.26174496644295303,False,0.0,0.0,0.0,0.0,0.0,0.0,0.0,0.0,0.0
hvg_pca,0.5,6,3607,True,88,BIOKEY_12,0.08067646243415581,5.141514949317015,7,0.9451067369004713,0.9451067369004713,1140.0,T cell,0.8949265317438314,malignant cell,0.037149986138064875,False,0.12,0.0,0.0,0.22,0.0,0.0,0.23,0.0,0.0
hvg_pca,0.5,7,5060,True,134,pal_Patient 0177,0.05909090909090909,6.155685983961333,7,0.4482213438735178,0.40098814229249014,1605.5,macrophage,0.5130434782608696,myeloid cell,0.23339920948616602,False,0.0,0.0,0.0,0.0,0.0,0.0,0.0,0.0,0.0
hvg_pca,0.5,8,3943,True,116,pal_Patient 0177,0.155718995688562,4.946858571011244,8,0.4788232310423535,0.5698706568602587,477.0,"effector memory CD8-positive, alpha-beta T cell",0.18057316763885367,"effector memory CD4-positive, alpha-beta T cell",0.1503931016992138,False,0.36,0.0,0.04,0.44,0.0,0.02,0.4,0.0,0.01
hvg_pca,0.5,9,2723,True,117,BIOKEY_31,0.06573632023503488,5.721120540250613,7,0.33308850532500917,0.3892765332354021,1291.0,malignant cell,0.8237238340066103,mammary gland epithelial cell,0.0892398090341535,False,0.04,0.0,0.0,0.06,0.0,0.0,0.07,0.0,0.0
hvg_pca,0.5,10,425,True,11,TBB075,0.4047058823529412,2.222507188508697,2,0.9976470588235294,1.0,4425.0,malignant cell,1.0,,0.0,False,0.0,0.0,0.0,0.0,0.0,0.0,0.0,0.0,0.0
hvg_pca,0.5,11,1820,True,110,pal_Patient 0167,0.189010989010989,4.915457208798244,7,0.3697802197802198,0.5296703296703297,645.0,natural killer cell,0.38956043956043956,exhausted T cell,0.15274725274725276,False,0.0,0.0,0.0,0.04,0.0,0.02,0.1,0.0,0.01
hvg_pca,0.5,12,358,True,63,pal_Patient 0177,0.17039106145251395,5.014091136525564,6,0.37988826815642457,0.37988826815642457,2116.0,T cell,0.4776536312849162,cycling T cell,0.43854748603351956,False,0.0,0.0,0.0,0.0,0.0,0.0,0.0,0.0,0.0
hvg_pca,0.5,13,1155,True,71,pal_Patient 0176,0.19567099567099566,4.690368690933281,5,0.5402597402597402,0.6978354978354978,785.0,memory B cell,0.7584415584415585,plasmacytoid dendritic cell,0.09783549783549783,False,0.32,0.0,0.0,0.44,0.0,0.0,0.39,0.0,0.0
hvg_pca,0.5,14,1755,True,38,CID4495,0.12991452991452992,4.332212228883902,5,0.5498575498575499,0.5287749287749288,959.0,"CD4-positive, alpha-beta T cell",0.3373219373219373,T cell,0.21481481481481482,False,0.16,0.0,0.0,0.2,0.0,0.0,0.21,0.0,0.0
hvg_pca,0.5,15,4995,True,97,pal_Patient 0178,0.17577577577577577,4.52599218032661,8,0.44044044044044045,0.7591591591591592,680.0,malignant cell,0.9247247247247248,luminal epithelial cell of mammary gland,0.06226226226226226,False,0.28,0.0,0.04,0.28,0.0,0.04,0.23,0.0,0.02
hvg_pca,0.5,16,1567,True,30,pal_Patient 0176,0.30376515634971285,2.76089557743203,6,0.4403318442884493,0.5028717294192725,2115.0,malignant cell,0.9393746011486918,mammary gland epithelial cell,0.04977664326738992,False,0.08,0.0,0.0,0.08,0.0,0.0,0.08,0.0,0.0
hvg_pca,0.5,17,187,False,9,BIOKEY_17,0.7486631016042781,1.2347859846000127,4,0.9625668449197861,0.9625668449197861,3439.0,malignant cell,0.9946524064171123,luminal epithelial cell of mammary gland,0.0053475935828877,False,,,,,,,,,
hvg_pca,0.5,18,47,False,1,BIOKEY_24,1.0,-0.0,1,1.0,1.0,3863.0,malignant cell,1.0,,0.0,True,,,,,,,,,
hvg_pca,0.5,19,277,True,3,BIOKEY_35,0.9891696750902527,0.09619418507018362,2,0.9963898916967509,0.9963898916967509,400.0,malignant cell,0.851985559566787,T cell,0.061371841155234655,True,0.12,0.0,0.0,0.1,0.0,0.0,0.08,0.0,0.0
hvg_pca,0.5,20,1758,True,33,TBB129,0.15017064846416384,3.7972671905140034,4,0.90386803185438,0.9761092150170648,1251.0,"effector memory CD8-positive, alpha-beta T cell",0.22525597269624573,natural killer cell,0.15984072810011377,False,0.0,0.0,0.0,0.0,0.0,0.0,0.0,0.0,0.0
hvg_pca,0.5,21,354,True,4,BIOKEY_30,0.807909604519774,0.9148380508876696,2,0.8107344632768362,0.8107344632768362,2589.0,malignant cell,0.8785310734463276,T cell,0.07344632768361582,True,0.04,0.0,0.0,0.04,0.0,0.0,0.02,0.0,0.0
hvg_pca,0.5,22,291,True,6,pal_Patient 0042,0.9828178694158075,0.16520798098862974,4,0.5326460481099656,0.9828178694158075,1021.0,malignant cell,0.993127147766323,T cell,0.003436426116838488,True,0.12,0.0,0.08,0.16,0.0,0.04,0.14,0.0,0.02
hvg_pca,0.5,23,436,True,4,BIOKEY_26,0.8577981651376146,0.706994278060699,2,0.8600917431192661,0.8600917431192661,520.0,malignant cell,0.9655963302752294,fibroblast,0.009174311926605505,True,0.28,0.0,0.0,0.22,0.0,0.0,0.21,0.0,0.0
hvg_pca,0.5,24,292,True,48,TBB035,0.13013698630136986,4.823570974905499,8,0.6267123287671232,0.5787671232876712,992.0,mast cell,0.9315068493150684,fibroblast,0.023972602739726026,False,0.0,0.0,0.0,0.0,0.0,0.0,0.03,0.0,0.0
hvg_pca,0.5,25,443,True,4,Patient4_T7,0.4604966139954853,1.5044925707849373,1,1.0,1.0,825.0,malignant cell,0.48758465011286684,"effector memory CD4-positive, alpha-beta T cell",0.14446952595936793,False,0.08,0.0,0.08,0.04,0.0,0.06,0.03,0.0,0.03
hvg_pca,0.5,26,542,True,5,BC302_Tumor,0.33210332103321033,2.1657121062621547,1,1.0,0.9833948339483395,1333.5,malignant cell,0.5369003690036901,memory B cell,0.12361623616236163,False,0.0,0.0,0.0,0.0,0.0,0.0,0.0,0.0,0.0
hvg_pca,0.5,27,638,True,11,pal_Patient 0025,0.7335423197492164,1.0154694372964255,6,0.6442006269592476,0.7398119122257053,1501.0,malignant cell,0.9921630094043887,fibroblast,0.003134796238244514,False,0.08,0.0,0.04,0.06,0.0,0.04,0.07,0.0,0.02
hvg_pca,0.5,28,284,True,3,BC394_Tumor,0.8345070422535211,0.7039653282684427,1,1.0,1.0,1209.0,exhausted T cell,0.7746478873239436,malignant cell,0.14084507042253522,True,0.0,0.0,0.0,0.0,0.0,0.0,0.0,0.0,0.0
hvg_pca,0.5,29,209,True,3,BC17086-24_Tumor,0.4784688995215311,1.2871444398429928,1,1.0,1.0,1510.0,malignant cell,0.4258373205741627,memory B cell,0.15311004784688995,False,0.0,0.0,0.0,0.0,0.0,0.0,0.0,0.0,0.0
hvg_pca,0.5,30,1231,True,15,pal_Patient 0029-9C,0.5182778229082047,1.8848132685536956,4,0.46303818034118605,0.9853777416734363,1561.0,malignant cell,0.8984565393988627,luminal epithelial cell of mammary gland,0.0982940698619009,False,0.08,0.0,0.04,0.1,0.0,0.02,0.1,0.0,0.01
hvg_pca,0.5,31,247,True,7,CID4290A,0.8299595141700404,0.8131011568861365,3,0.8502024291497976,0.8461538461538461,2205.0,luminal epithelial cell of mammary gland,0.7489878542510121,malignant cell,0.14979757085020243,True,0.0,0.0,0.0,0.0,0.0,0.0,0.0,0.0,0.0
hvg_pca,0.5,32,346,True,58,pal_Patient 0114,0.315028901734104,4.27079725792242,6,0.3815028901734104,0.5,1199.0,malignant cell,0.7890173410404624,basal-myoepithelial cell of mammary gland,0.16473988439306358,False,0.0,0.0,0.0,0.08,0.0,0.0,0.18,0.0,0.0
hvg_pca,0.5,33,235,True,5,BIOKEY_21,0.9361702127659575,0.40877785301572744,1,1.0,1.0,485.0,malignant cell,0.9914893617021276,T cell,0.00425531914893617,True,0.16,0.0,0.0,0.2,0.0,0.0,0.23,0.0,0.0
hvg_pca,0.5,34,66,False,4,CID4523,0.9545454545454546,0.3388087378358059,3,0.9545454545454546,0.9545454545454546,2097.5,mammary gland epithelial cell,0.9393939393939394,malignant cell,0.030303030303030304,True,,,,,,,,,
hvg_pca,0.5,35,1517,True,5,pal_Patient 0135,0.990112063282795,0.092277135394399,3,0.5128543177323666,0.992089650626236,1860.0,malignant cell,1.0,,0.0,True,0.12,0.0,0.0,0.1,0.0,0.0,0.08,0.0,0.0
hvg_pca,0.5,36,211,True,2,CID44991,0.995260663507109,0.04341407633805841,2,0.995260663507109,0.995260663507109,2516.0,mammary gland epithelial cell,0.9478672985781991,luminal epithelial cell of mammary gland,0.04739336492890995,True,0.0,0.0,0.0,0.0,0.0,0.0,0.0,0.0,0.0
hvg_pca,0.5,37,388,True,8,pal_Patient 0167,0.9819587628865979,0.18094485653002546,4,0.5309278350515464,0.9845360824742269,2523.0,malignant cell,0.9948453608247423,luminal epithelial cell of mammary gland,0.002577319587628866,True,0.04,0.0,0.0,0.06,0.0,0.0,0.05,0.0,0.0
hvg_pca,0.5,38,337,True,1,pal_Patient 0308,1.0,-0.0,2,0.5281899109792285,1.0,3283.0,malignant cell,1.0,,0.0,True,0.12,0.0,0.0,0.06,0.0,0.0,0.04,0.0,0.0
hvg_pca,0.5,39,529,True,2,pal_Patient 0040,0.998109640831758,0.01982694610029531,3,0.5274102079395085,0.998109640831758,1350.0,malignant cell,0.998109640831758,mammary gland epithelial cell,0.001890359168241966,True,0.24,0.0,0.0,0.22,0.0,0.0,0.22,0.0,0.0
hvg_pca,0.5,40,486,True,5,pal_Patient 4031,0.9897119341563786,0.10246976020374352,2,0.5329218106995884,0.9938271604938271,2890.5,malignant cell,1.0,,0.0,True,0.48,0.0,0.0,0.32,0.0,0.0,0.23,0.0,0.0
hvg_pca,0.5,41,506,True,7,pal_Patient 0163,0.9861660079051383,0.14013763267199197,2,0.5237154150197628,0.9940711462450593,1542.0,malignant cell,1.0,,0.0,True,0.32,0.0,0.0,0.26,0.0,0.02,0.2,0.0,0.01
hvg_pca,0.5,42,543,True,5,pal_Patient 0131,0.990791896869245,0.09319374497661974,3,0.5340699815837937,0.992633517495396,1951.0,malignant cell,1.0,,0.0,True,0.8,0.0,0.0,0.68,0.0,0.0,0.5,0.0,0.0
hvg_pca,0.5,43,276,True,1,BC401_Tumor,1.0,-0.0,1,1.0,1.0,2583.5,malignant cell,1.0,,0.0,True,0.0,0.0,0.0,0.0,0.0,0.0,0.0,0.0,0.0
hvg_pca,0.5,44,235,True,6,pal_Patient 0173,0.9531914893617022,0.35098934232965273,2,0.502127659574468,0.9531914893617022,2856.0,malignant cell,1.0,,0.0,True,0.0,0.0,0.0,0.0,0.0,0.0,0.0,0.0,0.0
hvg_pca,0.5,45,58,False,1,HTAPP-783,1.0,-0.0,1,1.0,1.0,2635.5,malignant cell,1.0,,0.0,True,,,,,,,,,
hvg_pca,0.5,46,34,False,13,BIOKEY_28,0.17647058823529413,3.4729377533214834,1,1.0,1.0,2126.5,"plasmacytoid dendritic cell, human",1.0,,0.0,False,,,,,,,,,
hvg_pca,1.0,0,393,True,36,BIOKEY_4,0.22137404580152673,4.12793498756389,5,0.9821882951653944,0.9821882951653944,1118.0,B cell,0.9720101781170484,malignant cell,0.010178117048346057,False,0.44,0.0,0.0,0.48,0.0,0.0,0.4,0.0,0.0
hvg_pca,1.0,1,1114,True,80,pal_Patient 0177,0.23429084380610413,4.356544443441068,8,0.4542190305206463,0.5161579892280072,735.5,IgG plasma cell,0.7737881508078994,B cell,0.13644524236983843,False,0.0,0.0,0.0,0.0,0.0,0.0,0.0,0.0,0.0
hvg_pca,1.0,2,2266,True,128,Patient2_T3,0.10105913503971757,6.00555102397932,7,0.46954986760812,0.4457193292144748,1392.0,endothelial cell,0.6293027360988526,endothelial cell of vascular tree,0.1293027360988526,False,0.0,0.0,0.0,0.0,0.0,0.0,0.0,0.0,0.0
hvg_pca,1.0,3,208,True,17,TBB184,0.18269230769230768,3.6065714955497024,3,0.9711538461538461,0.9855769230769231,2905.5,vein endothelial cell,0.7067307692307693,endothelial cell,0.28846153846153844,False,0.0,0.0,0.0,0.0,0.0,0.0,0.0,0.0,0.0
hvg_pca,1.0,4,1237,True,96,BC392_Tumor,0.08164915117219078,5.698878276644594,6,0.3670169765561843,0.33629749393694425,1860.0,fibroblast,0.7930476960388035,fibroblast of breast,0.18189167340339532,False,0.0,0.0,0.0,0.0,0.0,0.0,0.0,0.0,0.0
hvg_pca,1.0,5,2225,True,128,pal_Patient 0025,0.17842696629213484,5.561705652109365,8,0.3734831460674157,0.37662921348314604,831.0,fibroblast,0.7793258426966292,malignant cell,0.09662921348314607,False,0.0,0.0,0.0,0.0,0.0,0.0,0.0,0.0,0.0
hvg_pca,1.0,6,1342,True,124,pal_Patient 0114,0.05737704918032787,6.254345188783063,8,0.4090909090909091,0.3830104321907601,1466.0,pericyte,0.3353204172876304,fibroblast,0.26229508196721313,False,0.0,0.0,0.0,0.0,0.0,0.0,0.0,0.0,0.0
hvg_pca,1.0,7,1071,True,69,pal_Patient 0176,0.20448179271708683,4.66212033236845,5,0.5135387488328664,0.6741363211951448,712.0,memory B cell,0.8403361344537815,naive B cell,0.028944911297852476,False,0.36,0.0,0.0,0.44,0.0,0.0,0.41,0.0,0.0
hvg_pca,1.0,8,1084,True,61,BIOKEY_16,0.1033210332103321,5.015912621504899,4,0.9723247232472325,0.9723247232472325,1672.5,myeloid cell,0.9603321033210332,macrophage,0.016605166051660517,False,0.0,0.0,0.0,0.0,0.0,0.0,0.0,0.0,0.0
hvg_pca,1.0,9,3962,True,119,pal_Patient 0177,0.07445734477536597,5.636554601017237,7,0.5681474003028774,0.5093387178192832,1593.0,macrophage,0.6504290762241293,conventional dendritic cell,0.15623422513881877,False,0.0,0.0,0.0,0.0,0.0,0.0,0.0,0.0,0.0
hvg_pca,1.0,10,3750,True,116,pal_Patient 0177,0.15946666666666667,4.902854875223942,8,0.47973333333333334,0.5688,476.5,"effector memory CD8-positive, alpha-beta T cell",0.1752,"effector memory CD4-positive, alpha-beta T cell",0.15333333333333332,False,0.36,0.0,0.04,0.44,0.0,0.02,0.4,0.0,0.01
hvg_pca,1.0,11,456,True,4,Patient4_T7,0.4517543859649123,1.5236555992395406,1,1.0,1.0,827.5,malignant cell,0.47368421052631576,"effector memory CD4-positive, alpha-beta T cell",0.1425438596491228,False,0.08,0.0,0.08,0.04,0.0,0.06,0.03,0.0,0.03
hvg_pca,1.0,12,3464,True,87,BIOKEY_12,0.08285219399538106,5.132200915679517,7,0.9416859122401847,0.9416859122401847,1149.0,T cell,0.913972286374134,"CD4-positive, alpha-beta T cell",0.021362586605080832,False,0.12,0.0,0.0,0.2,0.0,0.0,0.23,0.0,0.0
hvg_pca,1.0,13,337,True,3,BIOKEY_35,0.9881305637982196,0.1025754525857345,2,0.9970326409495549,0.9970326409495549,474.0,malignant cell,0.7002967359050445,T cell,0.22551928783382788,True,0.16,0.0,0.0,0.12,0.0,0.0,0.08,0.0,0.0
hvg_pca,1.0,14,1855,True,108,pal_Patient 0167,0.1940700808625337,4.899204785628516,7,0.3978436657681941,0.5590296495956874,617.0,natural killer cell,0.3935309973045822,exhausted T cell,0.15633423180592992,False,0.0,0.0,0.04,0.04,0.0,0.02,0.12,0.0,0.01
hvg_pca,1.0,15,2397,True,76,pal_Patient 0178,0.3646224447225699,3.4956793765238046,8,0.46766791823112225,0.8448060075093867,406.0,malignant cell,0.9824780976220275,luminal epithelial cell of mammary gland,0.002920317062995411,False,0.48,0.0,0.04,0.48,0.0,0.04,0.39,0.0,0.02
hvg_pca,1.0,16,1175,True,32,pal_Patient 0176,0.40085106382978725,2.646981825535925,6,0.4246808510638298,0.6629787234042553,1921.0,malignant cell,0.916595744680851,mammary gland epithelial cell,0.06723404255319149,False,0.12,0.0,0.0,0.1,0.0,0.0,0.09,0.0,0.0
hvg_pca,1.0,17,444,True,8,pal_Patient 0025,0.9797297297297297,0.1982015826334406,4,0.527027027027027,0.990990990990991,1559.5,malignant cell,0.9932432432432432,"effector memory CD8-positive, alpha-beta T cell",0.0022522522522522522,True,0.28,0.0,0.04,0.2,0.0,0.04,0.22,0.0,0.02
hvg_pca,1.0,18,1015,True,115,pal_Patient 0178,0.14679802955665025,5.6087454986127465,7,0.3330049261083744,0.3753694581280788,1095.0,malignant cell,0.5862068965517241,T cell,0.1793103448275862,False,0.0,0.0,0.0,0.0,0.0,0.0,0.0,0.0,0.0
hvg_pca,1.0,19,302,True,8,pal_Patient 0042,0.9735099337748344,0.24931974137179702,4,0.5331125827814569,0.9768211920529801,1017.0,malignant cell,0.9933774834437086,T cell,0.0033112582781456954,True,0.08,0.0,0.08,0.14,0.0,0.04,0.14,0.0,0.02
hvg_pca,1.0,20,1443,True,71,BIOKEY_31,0.11850311850311851,4.802974012961066,7,0.4442134442134442,0.4442134442134442,1437.0,malignant cell,0.8440748440748441,mammary gland epithelial cell,0.10117810117810118,False,0.08,0.0,0.0,0.06,0.0,0.0,0.05,0.0,0.0
hvg_pca,1.0,21,841,True,14,CID44991,0.3995243757431629,2.0484584077305636,3,0.6658739595719382,0.6658739595719382,897.0,mammary gland epithelial cell,0.25802615933412604,plasmablast,0.1581450653983353,False,0.0,0.0,0.0,0.0,0.0,0.0,0.01,0.0,0.0
hvg_pca,1.0,22,1323,True,39,CID3586,0.15117157974300832,4.341284979971324,5,0.5993953136810279,0.564625850340136,1057.0,"CD4-positive, alpha-beta T cell",0.3786848072562358,T cell,0.26077097505668934,False,0.28,0.0,0.0,0.2,0.0,0.0,0.23,0.0,0.0
hvg_pca,1.0,23,356,True,4,BIOKEY_30,0.8089887640449438,0.9114219343037218,2,0.8117977528089888,0.8117977528089888,2577.5,malignant cell,0.8792134831460674,T cell,0.07303370786516854,True,0.04,0.0,0.0,0.04,0.0,0.0,0.02,0.0,0.0
hvg_pca,1.0,24,437,True,5,BIOKEY_26,0.8558352402745996,0.7287460819301745,2,0.8604118993135011,0.8604118993135011,520.0,malignant cell,0.965675057208238,fibroblast,0.009153318077803204,True,0.28,0.0,0.0,0.22,0.0,0.0,0.21,0.0,0.0
hvg_pca,1.0,25,125,False,34,pal_Patient 0177,0.248,4.314713852404817,4,0.576,0.656,1501.0,plasmacytoid dendritic cell,0.792,myeloid cell,0.136,False,,,,,,,,,
hvg_pca,1.0,26,2049,True,83,pal_Patient 0114,0.21815519765739386,4.463749667441581,6,0.4050756466569058,0.5939482674475354,1728.0,malignant cell,0.8394338701805759,luminal epithelial cell of mammary gland,0.14690092728160078,False,0.0,0.0,0.0,0.0,0.0,0.02,0.0,0.0,0.01
hvg_pca,1.0,27,775,True,43,BIOKEY_3,0.16129032258064516,4.332315635472581,3,0.9935483870967742,0.9935483870967742,2529.0,fibroblast,0.984516129032258,malignant cell,0.00903225806451613,False,0.0,0.0,0.0,0.0,0.0,0.0,0.0,0.0,0.0
hvg_pca,1.0,28,292,True,48,TBB035,0.13013698630136986,4.823570974905499,8,0.6267123287671232,0.5787671232876712,992.0,mast cell,0.9315068493150684,fibroblast,0.023972602739726026,False,0.0,0.0,0.0,0.0,0.0,0.0,0.03,0.0,0.0
hvg_pca,1.0,29,1737,True,35,TBB011,0.15083477259643063,3.856371032308952,4,0.8963730569948186,0.9729418537708693,1243.0,"effector memory CD8-positive, alpha-beta T cell",0.23028209556706966,natural killer cell,0.1600460564191134,False,0.0,0.0,0.0,0.0,0.0,0.0,0.0,0.0,0.0
hvg_pca,1.0,30,405,True,5,BC17086-35_Tumor,0.38271604938271603,2.156494453783996,1,1.0,0.980246913580247,970.0,malignant cell,0.3802469135802469,memory B cell,0.1654320987654321,False,0.0,0.0,0.0,0.0,0.0,0.0,0.0,0.0,0.0
hvg_pca,1.0,31,284,True,3,BC394_Tumor,0.8345070422535211,0.7039653282684427,1,1.0,1.0,1209.0,exhausted T cell,0.7746478873239436,malignant cell,0.14084507042253522,True,0.0,0.0,0.0,0.0,0.0,0.0,0.0,0.0,0.0
hvg_pca,1.0,32,209,True,3,BC17086-24_Tumor,0.4784688995215311,1.2871444398429928,1,1.0,1.0,1510.0,malignant cell,0.4258373205741627,memory B cell,0.15311004784688995,False,0.0,0.0,0.0,0.0,0.0,0.0,0.0,0.0,0.0
hvg_pca,1.0,33,969,True,16,pal_Patient 0029-9C,0.6666666666666666,1.5302608562665574,4,0.44891640866873067,0.9814241486068112,1564.0,malignant cell,0.8679050567595459,luminal epithelial cell of mammary gland,0.1259029927760578,False,0.12,0.0,0.04,0.16,0.0,0.02,0.14,0.0,0.01
hvg_pca,1.0,34,211,True,6,CID4290A,0.9715639810426541,0.2505142579080551,2,0.995260663507109,0.990521327014218,2049.0,luminal epithelial cell of mammary gland,0.8767772511848341,mammary gland epithelial cell,0.11374407582938388,True,0.0,0.0,0.0,0.02,0.0,0.0,0.01,0.0,0.01
hvg_pca,1.0,35,36,False,1,TBB184,1.0,-0.0,1,1.0,1.0,3828.5,malignant cell,1.0,,0.0,True,,,,,,,,,
hvg_pca,1.0,36,338,True,2,pal_Patient 0308,0.9970414201183432,0.029116681080153858,2,0.5266272189349113,0.9970414201183432,3281.5,malignant cell,1.0,,0.0,True,0.12,0.0,0.0,0.06,0.0,0.0,0.04,0.0,0.0
hvg_pca,1.0,37,346,True,58,pal_Patient 0114,0.315028901734104,4.2683268736094915,6,0.38439306358381503,0.5,1199.0,malignant cell,0.791907514450867,basal-myoepithelial cell of mammary gland,0.16473988439306358,False,0.0,0.0,0.0,0.08,0.0,0.0,0.18,0.0,0.0
hvg_pca,1.0,38,656,True,60,pal_Patient 0114,0.18292682926829268,4.710418291371594,6,0.3170731707317073,0.5442073170731707,2058.5,malignant cell,0.7134146341463414,luminal epithelial cell of mammary gland,0.16158536585365854,False,0.12,0.0,0.0,0.14,0.0,0.0,0.2,0.0,0.0
hvg_pca,1.0,39,233,True,5,BIOKEY_21,0.9356223175965666,0.41146626134945696,1,1.0,1.0,489.0,malignant cell,0.9914163090128756,T cell,0.004291845493562232,True,0.16,0.0,0.0,0.2,0.0,0.0,0.22,0.0,0.0
hvg_pca,1.0,40,67,False,5,CID4523,0.9402985074626866,0.44566179970411957,4,0.9402985074626866,0.9552238805970149,2005.0,mammary gland epithelial cell,0.9253731343283582,malignant cell,0.04477611940298507,True,,,,,,,,,
hvg_pca,1.0,41,377,True,8,pal_Patient 0167,0.9814323607427056,0.1854468660775887,4,0.53315649867374,0.9840848806366048,2591.0,malignant cell,0.9946949602122016,luminal epithelial cell of mammary gland,0.002652519893899204,True,0.04,0.0,0.0,0.06,0.0,0.0,0.04,0.0,0.0
hvg_pca,1.0,42,291,True,2,pal_Patient 0043,0.9896907216494846,0.08283655281361223,3,0.5051546391752577,1.0,1503.0,malignant cell,0.9896907216494846,luminal epithelial cell of mammary gland,0.010309278350515464,True,0.0,0.0,0.0,0.02,0.0,0.0,0.03,0.0,0.0
hvg_pca,1.0,43,1518,True,6,pal_Patient 0135,0.9894598155467721,0.10012818854363065,4,0.5125164690382081,0.9920948616600791,1857.0,malignant cell,1.0,,0.0,True,0.12,0.0,0.0,0.1,0.0,0.0,0.08,0.0,0.0
hvg_pca,1.0,44,531,True,2,pal_Patient 0040,0.9981167608286252,0.019762530636926512,3,0.527306967984934,0.9981167608286252,1349.0,malignant cell,0.9981167608286252,mammary gland epithelial cell,0.0018832391713747645,True,0.24,0.0,0.0,0.22,0.0,0.0,0.22,0.0,0.0
hvg_pca,1.0,45,489,True,6,pal_Patient 4031,0.983640081799591,0.1557490173335147,3,0.5296523517382413,0.9938650306748467,2886.0,malignant cell,1.0,,0.0,True,0.44,0.0,0.0,0.32,0.0,0.0,0.23,0.0,0.0
hvg_pca,1.0,46,137,False,3,BC302_Tumor,0.9197080291970803,0.4384952120856136,1,1.0,0.9927007299270073,3332.0,malignant cell,1.0,,0.0,True,,,,,,,,,
hvg_pca,1.0,47,559,True,11,pal_Patient 0125,0.9677996422182469,0.29752550494581265,3,0.5330948121645797,0.998211091234347,633.0,malignant cell,1.0,,0.0,True,0.44,0.0,0.04,0.3,0.0,0.02,0.25,0.0,0.01
hvg_pca,1.0,48,506,True,7,pal_Patient 0163,0.9861660079051383,0.14013763267199197,2,0.5237154150197628,0.9940711462450593,1542.0,malignant cell,1.0,,0.0,True,0.32,0.0,0.0,0.26,0.0,0.02,0.2,0.0,0.01
hvg_pca,1.0,49,440,True,10,TBB075,0.38636363636363635,2.40078980700036,2,0.9977272727272727,1.0,4317.0,malignant cell,1.0,,0.0,False,0.0,0.0,0.0,0.0,0.0,0.0,0.0,0.0,0.0
hvg_pca,1.0,50,385,True,2,pal_Patient 0337,0.9896103896103896,0.0833650812057554,2,0.5038961038961038,0.9896103896103896,3026.0,malignant cell,1.0,,0.0,True,0.08,0.0,0.0,0.08,0.0,0.0,0.08,0.0,0.0
hvg_pca,1.0,51,543,True,5,pal_Patient 0131,0.990791896869245,0.09319374497661974,3,0.5340699815837937,0.992633517495396,1951.0,malignant cell,1.0,,0.0,True,0.8,0.0,0.0,0.68,0.0,0.0,0.5,0.0,0.0
hvg_pca,1.0,52,160,False,2,BC392_Tumor,0.9625,0.2307099556914764,1,1.0,1.0,1598.0,malignant cell,1.0,,0.0,True,,,,,,,,,
hvg_pca,1.0,53,276,True,1,BC401_Tumor,1.0,-0.0,1,1.0,1.0,2583.5,malignant cell,1.0,,0.0,True,0.0,0.0,0.0,0.0,0.0,0.0,0.0,0.0,0.0
hvg_pca,1.0,54,186,False,5,BIOKEY_17,0.7580645161290323,0.9609122278622014,1,1.0,1.0,3505.0,malignant cell,1.0,,0.0,False,,,,,,,,,
hvg_pca,1.0,55,237,True,7,pal_Patient 0173,0.9493670886075949,0.38767889245000353,2,0.5021097046413502,0.9493670886075949,2852.0,malignant cell,1.0,,0.0,True,0.0,0.0,0.0,0.0,0.0,0.0,0.0,0.0,0.0
hvg_pca,1.0,56,46,False,1,BIOKEY_24,1.0,-0.0,1,1.0,1.0,3809.0,malignant cell,1.0,,0.0,True,,,,,,,,,
hvg_pca,1.0,57,58,False,1,HTAPP-783,1.0,-0.0,1,1.0,1.0,2635.5,malignant cell,1.0,,0.0,True,,,,,,,,,
hvg_pca,1.0,58,34,False,13,BIOKEY_28,0.17647058823529413,3.4729377533214834,1,1.0,1.0,2126.5,"plasmacytoid dendritic cell, human",1.0,,0.0,False,,,,,,,,,
scgpt,0.3,0,1479,True,98,pal_Patient 0176,0.15212981744421908,5.3210700147554375,6,0.35361730899256255,0.47329276538201487,845.0,memory B cell,0.6139283299526708,B cell,0.29344151453684925,False,0.52,0.0,0.0,0.48,0.0,0.0,0.45,0.0,0.0
scgpt,0.3,1,1210,True,79,pal_Patient 0177,0.20578512396694215,4.4308716992179935,8,0.412396694214876,0.4628099173553719,762.5,IgG plasma cell,0.7057851239669422,plasmablast,0.15289256198347106,False,0.0,0.0,0.0,0.0,0.0,0.0,0.0,0.0,0.0
scgpt,0.3,2,3831,True,132,pal_Patient 0025,0.10127903941529627,6.071540561209123,7,0.35787000783085354,0.35787000783085354,1690.0,fibroblast,0.8590446358653093,fibroblast of breast,0.08013573479509266,False,0.0,0.0,0.0,0.0,0.0,0.0,0.0,0.0,0.0
scgpt,0.3,3,6274,True,132,pal_Patient 0178,0.16560408033152693,5.334531563631196,8,0.35384124960153013,0.46796302199553713,439.5,malignant cell,0.8716927000318776,fibroblast,0.03761555626394644,False,0.44,0.0,0.0,0.52,0.0,0.0,0.49,0.0,0.0
scgpt,0.3,4,1346,True,126,pal_Patient 0114,0.05423476968796434,6.25366806525547,6,0.4026745913818722,0.37815750371471024,1433.0,pericyte,0.33060921248142644,fibroblast,0.25185735512630014,False,0.0,0.0,0.0,0.0,0.0,0.0,0.0,0.0,0.0
scgpt,0.3,5,2646,True,130,Patient2_T3,0.08390022675736962,5.965764701249532,8,0.5427059712773998,0.5253212396069539,1402.5,endothelial cell,0.5578231292517006,vein endothelial cell,0.12509448223733938,False,0.0,0.0,0.0,0.0,0.0,0.0,0.0,0.0,0.0
scgpt,0.3,6,4296,True,96,pal_Patient 0135,0.3512569832402235,3.9601797486394212,6,0.43202979515828677,0.7837523277467412,2212.0,malignant cell,0.917830540037244,mammary gland epithelial cell,0.04120111731843575,False,0.12,0.0,0.0,0.14,0.0,0.0,0.13,0.0,0.0
scgpt,0.3,7,8830,True,107,pal_Patient 0029-9C,0.07757644394110985,5.297013755969015,8,0.43159682899207247,0.5522083805209513,2072.0,malignant cell,0.8893544733861835,luminal epithelial cell of mammary gland,0.06874292185730464,False,0.0,0.0,0.0,0.0,0.0,0.0,0.0,0.0,0.01
scgpt,0.3,8,4765,True,93,BIOKEY_12,0.06400839454354669,5.499646740411857,5,0.7481636935991606,0.7481636935991606,1217.0,T cell,0.817208814270724,"CD4-positive, alpha-beta T cell",0.059601259181532,False,0.08,0.0,0.0,0.18,0.0,0.0,0.17,0.0,0.0
scgpt,0.3,9,5433,True,110,pal_Patient 0177,0.1864531566353764,4.587041610967107,8,0.5161052825326707,0.6458678446530463,519.0,"effector memory CD8-positive, alpha-beta T cell",0.1605006442113013,"effector memory CD4-positive, alpha-beta T cell",0.13325970918461255,False,0.2,0.0,0.04,0.28,0.0,0.02,0.26,0.0,0.02
scgpt,0.3,10,1777,True,29,TBB011,0.1513787281935847,3.7087475121671853,4,0.9060213843556556,0.9853685987619584,1255.0,"effector memory CD8-positive, alpha-beta T cell",0.24029262802476084,natural killer cell,0.16601012943162632,False,0.0,0.0,0.0,0.0,0.0,0.0,0.0,0.0,0.0
scgpt,0.3,11,5106,True,135,pal_Patient 0177,0.060125342734038384,6.153725416743095,8,0.4473168820994908,0.40305522914218567,1600.0,macrophage,0.5109674892283588,myeloid cell,0.23305914610262438,False,0.0,0.0,0.0,0.0,0.0,0.0,0.0,0.0,0.0
scgpt,0.3,12,178,False,49,pal_Patient 0177,0.1853932584269663,4.919621289481927,5,0.4550561797752809,0.5224719101123596,1585.5,plasmacytoid dendritic cell,0.6348314606741573,"plasmacytoid dendritic cell, human",0.19101123595505617,False,,,,,,,,,
scgpt,0.3,13,285,True,47,TBB035,0.12982456140350876,4.796151120892521,6,0.6280701754385964,0.5859649122807018,982.0,mast cell,0.9438596491228071,fibroblast,0.021052631578947368,False,0.0,0.0,0.0,0.02,0.0,0.0,0.03,0.0,0.0
scgpt,0.3,14,1314,True,13,BC401_Tumor,0.21232876712328766,3.1535009479123595,2,0.997716894977169,0.9908675799086758,1575.0,malignant cell,0.5319634703196348,exhausted T cell,0.18036529680365296,False,0.0,0.0,0.0,0.0,0.0,0.0,0.0,0.0,0.0
scgpt,0.3,15,672,True,13,CID3586,0.3392857142857143,2.7177087943821423,2,0.9970238095238095,0.9970238095238095,796.0,"CD4-positive, alpha-beta T cell",0.5967261904761905,"CD8-positive, alpha-beta T cell",0.3392857142857143,False,0.24,0.0,0.0,0.22,0.0,0.0,0.23,0.0,0.0
scgpt,0.3,16,201,True,1,CID4398,1.0,-0.0,1,1.0,1.0,516.0,"CD4-positive, alpha-beta T cell",0.5870646766169154,"CD8-positive, alpha-beta T cell",0.2537313432835821,True,0.56,0.0,0.04,0.56,0.0,0.02,0.48,0.0,0.01
scgpt,0.3,17,359,True,10,BC392_Tumor,0.44846796657381616,1.6604355545937874,3,0.8690807799442897,0.8607242339832869,1661.0,malignant cell,0.9972144846796658,mammary gland epithelial cell,0.002785515320334262,False,0.0,0.0,0.04,0.0,0.0,0.02,0.01,0.0,0.01
scgpt,0.5,0,1478,True,98,pal_Patient 0176,0.15223274695534506,5.320973389002345,6,0.35385656292286877,0.4736129905277402,845.5,memory B cell,0.6143437077131259,B cell,0.2936400541271989,False,0.52,0.0,0.0,0.48,0.0,0.0,0.45,0.0,0.0
scgpt,0.5,1,1207,True,79,pal_Patient 0177,0.20629660314830156,4.426055531799626,8,0.4125932062966031,0.4631317315658658,763.0,IgG plasma cell,0.7067108533554267,plasmablast,0.15327257663628832,False,0.0,0.0,0.0,0.0,0.0,0.0,0.0,0.0,0.0
scgpt,0.5,2,3387,True,124,BIOKEY_26,0.08444050782403306,5.744963789149038,8,0.6619427221730144,0.6619427221730144,425.0,malignant cell,0.7348686152937703,fibroblast,0.10806023029229407,False,0.4,0.0,0.0,0.54,0.0,0.0,0.42,0.0,0.0
scgpt,0.5,3,1359,True,126,pal_Patient 0114,0.05371596762325239,6.2527945858008405,6,0.4091243561442237,0.38484179543782193,1410.0,pericyte,0.3274466519499632,fibroblast,0.26269315673289184,False,0.0,0.0,0.0,0.0,0.0,0.0,0.0,0.0,0.0
scgpt,0.5,4,2985,True,80,pal_Patient 0178,0.34840871021775544,3.112749384302772,7,0.5031825795644891,0.9078726968174204,442.0,malignant cell,0.9825795644891122,fibroblast,0.008040201005025126,False,0.56,0.0,0.04,0.5,0.0,0.04,0.4,0.0,0.02
scgpt,0.5,5,3643,True,132,pal_Patient 0025,0.10595662915179797,6.069012914482514,7,0.34175130387043645,0.34175130387043645,1784.0,fibroblast,0.8597309909415317,fibroblast of breast,0.08427120505078232,False,0.0,0.0,0.0,0.0,0.0,0.0,0.0,0.0,0.0
scgpt,0.5,6,2479,True,129,Patient2_T3,0.09116579265832997,6.010696819707019,7,0.518757563533683,0.4989915288422751,1527.0,endothelial cell,0.5937878176684147,vein endothelial cell,0.1335215812827753,False,0.0,0.0,0.0,0.0,0.0,0.0,0.0,0.0,0.0
scgpt,0.5,7,765,True,76,BC393_Tumor,0.19084967320261437,4.279678476414924,6,0.726797385620915,0.6483660130718955,872.0,malignant cell,0.9084967320261438,epithelial cell,0.032679738562091505,False,0.0,0.0,0.08,0.0,0.0,0.04,0.0,0.0,0.02
scgpt,0.5,8,8604,True,105,pal_Patient 0029-9C,0.07973035797303579,5.278701944064175,8,0.4316596931659693,0.550092980009298,2121.5,malignant cell,0.890980939098094,luminal epithelial cell of mammary gland,0.06799163179916318,False,0.0,0.0,0.0,0.0,0.0,0.0,0.0,0.0,0.01
scgpt,0.5,9,4313,True,96,pal_Patient 0135,0.35033619290517043,3.9730269936608176,7,0.432181776025968,0.7825179689311385,2208.0,malignant cell,0.9176907025272432,mammary gland epithelial cell,0.041038720148388594,False,0.12,0.0,0.0,0.14,0.0,0.0,0.13,0.0,0.0
scgpt,0.5,10,4739,True,96,BIOKEY_12,0.06435956952943658,5.507713097806485,5,0.7455159316311458,0.7455159316311458,1221.0,T cell,0.8181050854610677,"CD4-positive, alpha-beta T cell",0.059295209959907155,False,0.08,0.0,0.0,0.16,0.0,0.0,0.15,0.0,0.0
scgpt,0.5,11,5030,True,108,pal_Patient 0177,0.19900596421471173,4.448798815571176,8,0.48926441351888666,0.6272365805168986,507.0,"effector memory CD8-positive, alpha-beta T cell",0.163220675944334,natural killer cell,0.13180914512922465,False,0.2,0.0,0.04,0.34,0.0,0.02,0.27,0.0,0.02
scgpt,0.5,12,2196,True,54,TBB011,0.12249544626593807,4.198299732641859,7,0.8879781420765027,0.9576502732240437,1155.0,"effector memory CD8-positive, alpha-beta T cell",0.21766848816029144,natural killer cell,0.14981785063752276,False,0.0,0.0,0.0,0.0,0.0,0.0,0.0,0.0,0.0
scgpt,0.5,13,5106,True,135,pal_Patient 0177,0.060125342734038384,6.155046823910347,8,0.44770857814336074,0.4036427732079906,1600.0,macrophage,0.5111633372502937,myeloid cell,0.23266745005875442,False,0.0,0.0,0.0,0.0,0.0,0.0,0.0,0.0,0.0
scgpt,0.5,14,47,False,2,HTAPP-783,0.9787234042553191,0.1485494904303482,2,0.9787234042553191,1.0,2815.0,malignant cell,1.0,,0.0,True,,,,,,,,,
scgpt,0.5,15,175,False,48,pal_Patient 0177,0.18285714285714286,4.915470344999615,5,0.44571428571428573,0.5085714285714286,1626.0,plasmacytoid dendritic cell,0.6228571428571429,"plasmacytoid dendritic cell, human",0.19428571428571428,False,,,,,,,,,
scgpt,0.5,16,285,True,47,TBB035,0.12982456140350876,4.796151120892521,6,0.6280701754385964,0.5859649122807018,982.0,mast cell,0.9438596491228071,fibroblast,0.021052631578947368,False,0.0,0.0,0.0,0.02,0.0,0.0,0.03,0.0,0.0
scgpt,0.5,17,1314,True,13,BC401_Tumor,0.21232876712328766,3.1535009479123595,2,0.997716894977169,0.9908675799086758,1575.0,malignant cell,0.5319634703196348,exhausted T cell,0.18036529680365296,False,0.0,0.0,0.0,0.0,0.0,0.0,0.0,0.0,0.0
scgpt,0.5,18,674,True,14,CID3586,0.33827893175074186,2.729793595628468,3,0.9955489614243324,0.9955489614243324,796.0,"CD4-positive, alpha-beta T cell",0.5964391691394659,"CD8-positive, alpha-beta T cell",0.33827893175074186,False,0.24,0.0,0.0,0.22,0.0,0.0,0.23,0.0,0.0
scgpt,0.5,19,202,True,2,CID4398,0.995049504950495,0.045036285093553896,2,0.995049504950495,1.0,515.5,"CD4-positive, alpha-beta T cell",0.5841584158415841,"CD8-positive, alpha-beta T cell",0.2524752475247525,True,0.56,0.0,0.04,0.56,0.0,0.02,0.49,0.0,0.01
scgpt,0.5,20,14,False,1,BIOKEY_42,1.0,-0.0,1,1.0,1.0,385.5,T cell,1.0,,0.0,True,,,,,,,,,
scgpt,1.0,0,1237,True,87,pal_Patient 0176,0.18189167340339532,4.980183008535174,6,0.33710590137429264,0.3726758286176233,708.0,memory B cell,0.540016168148747,B cell,0.35004042037186744,False,0.6,0.0,0.0,0.54,0.0,0.0,0.46,0.0,0.0
scgpt,1.0,1,241,True,17,TBB075,0.24481327800829875,3.295281330905269,3,0.970954356846473,0.995850622406639,1318.0,memory B cell,0.995850622406639,naive B cell,0.004149377593360996,False,0.0,0.0,0.0,0.08,0.0,0.0,0.17,0.0,0.0
scgpt,1.0,2,1211,True,80,pal_Patient 0177,0.2056151940545004,4.441523817594868,8,0.412056151940545,0.4624277456647399,762.0,IgG plasma cell,0.7052023121387283,plasmablast,0.15194054500412882,False,0.0,0.0,0.0,0.0,0.0,0.0,0.0,0.0,0.0
scgpt,1.0,3,2948,True,117,BIOKEY_26,0.09633649932157395,5.550737357384698,8,0.6451831750339213,0.6451831750339213,438.5,malignant cell,0.8351424694708277,mammary gland epithelial cell,0.05359565807327001,False,0.4,0.0,0.0,0.48,0.0,0.0,0.4,0.0,0.0
scgpt,1.0,4,652,True,92,pal_Patient 0177,0.11196319018404909,5.528235751351568,6,0.48466257668711654,0.48466257668711654,1553.0,T cell,0.5613496932515337,cycling T cell,0.2561349693251534,False,0.0,0.0,0.0,0.0,0.0,0.0,0.0,0.0,0.0
scgpt,1.0,5,998,True,90,Patient4_T7,0.2094188376753507,4.429228974393454,8,0.6462925851703407,0.6342685370741483,598.0,malignant cell,0.4118236472945892,T cell,0.08617234468937876,False,0.0,0.0,0.12,0.02,0.0,0.06,0.01,0.0,0.03
scgpt,1.0,6,1943,True,107,TBB226,0.057128152341739576,5.875669716922334,6,0.5218733916623778,0.5218733916623778,2698.0,fibroblast,0.8394235717961914,fibroblast of breast,0.09624292331446217,False,0.0,0.0,0.0,0.0,0.0,0.0,0.0,0.0,0.0
scgpt,1.0,7,4311,True,89,BIOKEY_12,0.06448619809788912,5.444764769933424,5,0.7580607747622361,0.7580607747622361,1192.0,T cell,0.8234748318255625,"CD4-positive, alpha-beta T cell",0.06448619809788912,False,0.12,0.0,0.0,0.18,0.0,0.0,0.2,0.0,0.0
scgpt,1.0,8,1083,True,47,pal_Patient 0125,0.4792243767313019,3.0329909703727504,6,0.5263157894736842,0.8485687903970452,589.0,malignant cell,0.9621421975992613,fibroblast,0.01662049861495845,False,0.52,0.0,0.04,0.38,0.0,0.02,0.31,0.0,0.01
scgpt,1.0,9,4043,True,83,pal_Patient 0029-9C,0.16002968093000247,4.338461525307433,7,0.4833044768736087,0.7274301261439525,1937.0,malignant cell,0.9371753648280979,luminal epithelial cell of mammary gland,0.05095226317091269,False,0.04,0.0,0.04,0.08,0.0,0.04,0.06,0.0,0.02
scgpt,1.0,10,1194,True,31,pal_Patient 0040,0.40954773869346733,2.3828906488646235,4,0.5058626465661642,0.9639865996649917,1334.0,malignant cell,0.992462311557789,luminal epithelial cell of mammary gland,0.0041876046901172526,False,0.16,0.0,0.0,0.12,0.0,0.04,0.15,0.0,0.02
scgpt,1.0,11,735,True,41,pal_Patient 0337,0.43673469387755104,2.6132322893983746,5,0.46938775510204084,0.5210884353741496,3268.0,malignant cell,0.9469387755102041,mammary gland epithelial cell,0.05170068027210884,False,0.0,0.0,0.0,0.0,0.0,0.0,0.01,0.0,0.0
scgpt,1.0,12,1531,True,58,BIOKEY_30,0.16851730894839975,4.296350442078174,5,0.5362508164598302,0.5362508164598302,3000.0,malignant cell,0.5806662312214239,luminal epithelial cell of mammary gland,0.240365774003919,False,0.0,0.0,0.0,0.0,0.0,0.0,0.0,0.0,0.0
scgpt,1.0,13,1338,True,125,pal_Patient 0114,0.05455904334828102,6.223025307041418,6,0.4125560538116592,0.3863976083707025,1445.0,pericyte,0.3325859491778774,fibroblast,0.25037369207772797,False,0.0,0.0,0.0,0.0,0.0,0.0,0.0,0.0,0.0
scgpt,1.0,14,2119,True,126,pal_Patient 0025,0.18452100047192072,5.438362877001322,8,0.3487494100991034,0.44077394997640396,801.0,fibroblast,0.8532326569136385,fibroblast of breast,0.059933931099575274,False,0.0,0.0,0.0,0.0,0.0,0.0,0.0,0.0,0.0
scgpt,1.0,15,4703,True,100,pal_Patient 0177,0.1968955985541144,4.341089348678667,8,0.4967042313416968,0.6336381033382947,500.0,"effector memory CD8-positive, alpha-beta T cell",0.17308101211992347,natural killer cell,0.14012332553689136,False,0.24,0.0,0.04,0.36,0.0,0.02,0.3,0.0,0.02
scgpt,1.0,16,1383,True,110,pal_Patient 0042,0.1294287780187997,5.395898152139264,8,0.38177874186550975,0.5762834417932032,457.0,macrophage,0.5806218365871294,myeloid cell,0.26970354302241506,False,0.0,0.0,0.0,0.0,0.0,0.0,0.0,0.0,0.0
scgpt,1.0,17,3692,True,126,pal_Patient 0177,0.07827735644637053,5.90225585359903,8,0.46912242686890576,0.5056879739978332,2094.0,macrophage,0.4848320693391116,myeloid cell,0.22047670639219935,False,0.0,0.0,0.0,0.0,0.0,0.0,0.0,0.0,0.0
scgpt,1.0,18,1613,True,26,pal_Patient 0135,0.9311841289522629,0.6241806668389491,6,0.49845009299442034,0.9683818970861748,1871.0,malignant cell,0.9882207067575945,mammary gland epithelial cell,0.010539367637941723,True,0.12,0.0,0.0,0.1,0.0,0.0,0.07,0.0,0.0
scgpt,1.0,19,1214,True,47,pal_Patient 4031,0.38797364085667213,3.556188443671451,6,0.3747940691927512,0.6499176276771005,3507.5,malignant cell,0.8978583196046128,mammary gland epithelial cell,0.09802306425041186,False,0.0,0.0,0.0,0.0,0.0,0.0,0.02,0.0,0.0
scgpt,1.0,20,906,True,73,pal_Patient 0114,0.23509933774834438,4.85143185229075,7,0.3818984547461369,0.5099337748344371,1604.5,malignant cell,0.7814569536423841,luminal epithelial cell of mammary gland,0.10816777041942605,False,0.32,0.0,0.0,0.3,0.0,0.0,0.31,0.0,0.0
scgpt,1.0,21,2214,True,59,pal_Patient 0178,0.46657633242999097,2.4271608469379005,7,0.498193315266486,0.9349593495934959,416.5,malignant cell,0.9914182475158085,T cell,0.0018066847335140017,False,0.52,0.0,0.04,0.46,0.0,0.04,0.39,0.0,0.02
scgpt,1.0,22,322,True,13,BC392_Tumor,0.5062111801242236,1.4144361945452681,3,0.9937888198757764,0.984472049689441,1553.5,malignant cell,0.9968944099378882,mammary gland epithelial cell,0.003105590062111801,False,0.0,0.0,0.04,0.02,0.0,0.02,0.02,0.0,0.01
scgpt,1.0,23,2470,True,129,Patient2_T3,0.08866396761133603,6.022428521503411,7,0.5145748987854251,0.4939271255060729,1534.0,endothelial cell,0.5975708502024292,vein endothelial cell,0.1340080971659919,False,0.0,0.0,0.0,0.0,0.0,0.0,0.0,0.0,0.0
scgpt,1.0,24,175,False,48,pal_Patient 0177,0.18285714285714286,4.915470344999615,5,0.44571428571428573,0.5085714285714286,1626.0,plasmacytoid dendritic cell,0.6228571428571429,"plasmacytoid dendritic cell, human",0.19428571428571428,False,,,,,,,,,
scgpt,1.0,25,285,True,47,TBB035,0.12982456140350876,4.796151120892521,6,0.6280701754385964,0.5859649122807018,982.0,mast cell,0.9438596491228071,fibroblast,0.021052631578947368,False,0.0,0.0,0.0,0.02,0.0,0.0,0.03,0.0,0.0
scgpt,1.0,26,1779,True,29,TBB011,0.15120854412591345,3.7127927412304995,4,0.9055649241146712,0.985947161326588,1252.0,"effector memory CD8-positive, alpha-beta T cell",0.24058459808881394,natural killer cell,0.16638560989319842,False,0.0,0.0,0.0,0.0,0.0,0.0,0.0,0.0,0.0
scgpt,1.0,27,1312,True,12,BC401_Tumor,0.21265243902439024,3.1418426473721217,2,0.9992378048780488,0.9923780487804879,1573.0,malignant cell,0.53125,exhausted T cell,0.18064024390243902,False,0.0,0.0,0.0,0.0,0.0,0.0,0.0,0.0,0.0
scgpt,1.0,28,696,True,15,CID3586,0.33045977011494254,2.789027374913656,3,0.9942528735632183,0.9942528735632183,797.5,"CD4-positive, alpha-beta T cell",0.5862068965517241,"CD8-positive, alpha-beta T cell",0.34051724137931033,False,0.28,0.0,0.0,0.22,0.0,0.0,0.23,0.0,0.0
scgpt,1.0,29,202,True,2,CID4398,0.995049504950495,0.045036285093553896,2,0.995049504950495,1.0,515.5,"CD4-positive, alpha-beta T cell",0.5841584158415841,"CD8-positive, alpha-beta T cell",0.2524752475247525,True,0.56,0.0,0.04,0.56,0.0,0.02,0.49,0.0,0.01
scgpt,1.0,30,14,False,1,BIOKEY_42,1.0,-0.0,1,1.0,1.0,385.5,T cell,1.0,,0.0,True,,,,,,,,,
scgpt,1.0,31,444,True,17,pal_Patient 0163,0.9436936936936937,0.5290377228365287,5,0.5495495495495496,0.963963963963964,1645.0,malignant cell,0.9954954954954955,fibroblast,0.0022522522522522522,True,0.24,0.0,0.0,0.26,0.0,0.02,0.17,0.0,0.01
scgpt,1.0,32,387,True,23,TBB075,0.35142118863049093,2.808944163097138,4,0.9483204134366925,0.9612403100775194,4745.0,malignant cell,0.9715762273901809,luminal epithelial cell of mammary gland,0.028423772609819122,False,0.0,0.0,0.0,0.0,0.0,0.0,0.0,0.0,0.0
scgpt,1.0,33,560,True,16,pal_Patient 0131,0.9589285714285715,0.4017049628690852,4,0.5285714285714286,0.9821428571428571,1962.5,malignant cell,0.9910714285714286,mammary gland epithelial cell,0.008928571428571428,True,0.8,0.0,0.0,0.66,0.0,0.0,0.49,0.0,0.0
scgpt,1.0,34,47,False,2,HTAPP-783,0.9787234042553191,0.1485494904303482,2,0.9787234042553191,1.0,2815.0,malignant cell,1.0,,0.0,True,,,,,,,,,
geneformer,0.3,0,5613,True,84,BIOKEY_12,0.055050774986638164,5.577794955859122,6,0.670586139319437,0.670586139319437,1148.0,T cell,0.7220737573490112,"CD4-positive, alpha-beta T cell",0.1211473365401746,False,0.12,0.0,0.0,0.2,0.0,0.0,0.18,0.0,0.0
geneformer,0.3,1,1422,True,98,pal_Patient 0176,0.1540084388185654,5.309378393147512,6,0.3649789029535865,0.4859353023909986,844.0,memory B cell,0.6343178621659634,B cell,0.2876230661040788,False,0.52,0.0,0.0,0.48,0.0,0.0,0.44,0.0,0.0
geneformer,0.3,2,1133,True,77,pal_Patient 0177,0.20476610767872905,4.363457291188056,7,0.4077669902912621,0.45366284201235657,767.0,IgG plasma cell,0.7149161518093556,plasmablast,0.1553398058252427,False,0.0,0.0,0.0,0.0,0.0,0.0,0.0,0.0,0.0
geneformer,0.3,3,4967,True,138,pal_Patient 0025,0.07731024763438696,6.324558826970022,8,0.35212401852224684,0.3158848399436279,1656.0,fibroblast,0.7028387356553252,pericyte,0.09321522045500302,False,0.0,0.0,0.0,0.0,0.0,0.0,0.0,0.0,0.0
geneformer,0.3,4,3102,True,113,BIOKEY_26,0.09026434558349453,5.564881268907322,8,0.6995486782720826,0.6995486782720826,398.0,malignant cell,0.7740167633784655,fibroblast,0.097678916827853,False,0.44,0.0,0.0,0.58,0.0,0.0,0.44,0.0,0.0
geneformer,0.3,5,8207,True,108,pal_Patient 0178,0.1273303277689777,4.734302632603663,8,0.523211892287072,0.7922505178506153,965.0,malignant cell,0.9680760326550506,luminal epithelial cell of mammary gland,0.011697331546241014,False,0.36,0.0,0.08,0.36,0.0,0.04,0.32,0.0,0.02
geneformer,0.3,6,2205,True,66,BIOKEY_30,0.12653061224489795,4.890872010094236,5,0.5759637188208617,0.5759637188208617,3122.0,malignant cell,0.599092970521542,luminal epithelial cell of mammary gland,0.2108843537414966,False,0.0,0.0,0.0,0.0,0.0,0.0,0.0,0.0,0.0
geneformer,0.3,7,2612,True,74,TBB011,0.10298621745788668,4.4420999923535565,7,0.8591117917304747,0.9238131699846861,1080.5,"effector memory CD8-positive, alpha-beta T cell",0.1860643185298622,natural killer cell,0.12557427258805512,False,0.0,0.0,0.0,0.0,0.0,0.0,0.0,0.0,0.0
geneformer,0.3,8,5141,True,98,pal_Patient 0177,0.19898852363353434,4.344348691391199,8,0.47733903909745184,0.6096090254814238,512.0,"effector memory CD8-positive, alpha-beta T cell",0.1587239836607664,natural killer cell,0.13440964792841859,False,0.24,0.0,0.04,0.36,0.0,0.02,0.29,0.0,0.02
geneformer,0.3,9,4110,True,82,pal_Patient 4031,0.11265206812652068,5.094209546035487,8,0.5386861313868613,0.5980535279805352,3222.0,malignant cell,0.9131386861313868,mammary gland epithelial cell,0.04184914841849149,False,0.0,0.0,0.0,0.0,0.0,0.0,0.01,0.0,0.0
geneformer,0.3,10,2475,True,129,Patient2_T3,0.09212121212121212,6.001508517667076,7,0.5171717171717172,0.49616161616161614,1524.0,endothelial cell,0.5975757575757575,vein endothelial cell,0.13373737373737374,False,0.0,0.0,0.0,0.0,0.0,0.0,0.0,0.0,0.0
geneformer,0.3,11,5247,True,135,pal_Patient 0177,0.0642271774347246,6.150439011744455,8,0.44654088050314467,0.40404040404040403,1607.0,macrophage,0.49533066514198587,myeloid cell,0.23003621116828665,False,0.0,0.0,0.0,0.0,0.0,0.0,0.0,0.0,0.0
geneformer,0.3,12,261,True,46,TBB035,0.1417624521072797,4.730437251809586,6,0.6168582375478927,0.578544061302682,996.0,mast cell,0.9501915708812261,fibroblast,0.022988505747126436,False,0.0,0.0,0.0,0.02,0.0,0.0,0.03,0.0,0.0
geneformer,0.3,13,1311,True,11,BC401_Tumor,0.2128146453089245,3.1352386394004714,1,1.0,0.9931350114416476,1575.0,malignant cell,0.5308924485125858,exhausted T cell,0.18077803203661327,False,0.0,0.0,0.0,0.0,0.0,0.0,0.0,0.0,0.0
geneformer,0.3,14,1657,True,37,pal_Patient 0135,0.9088714544357273,0.8342746413736982,6,0.5003017501508751,0.963789981894991,1848.0,malignant cell,0.9873264936632469,mammary gland epithelial cell,0.010863005431502716,True,0.12,0.0,0.0,0.1,0.0,0.0,0.07,0.0,0.0
geneformer,0.3,15,539,True,10,pal_Patient 0131,0.9758812615955473,0.23838749546539778,4,0.5269016697588126,0.9944341372912802,1966.0,malignant cell,0.9944341372912802,luminal epithelial cell of mammary gland,0.0037105751391465678,True,0.8,0.0,0.0,0.7,0.0,0.0,0.5,0.0,0.0
geneformer,0.5,0,1429,True,97,pal_Patient 0176,0.15255423372988103,5.305392300830021,6,0.36039188243526943,0.4800559832050385,846.0,memory B cell,0.6298110566829951,B cell,0.2925122463261022,False,0.52,0.0,0.0,0.48,0.0,0.0,0.44,0.0,0.0
geneformer,0.5,1,1134,True,77,pal_Patient 0177,0.20458553791887124,4.363542505893404,7,0.40828924162257496,0.4541446208112875,767.5,IgG plasma cell,0.7151675485008818,plasmablast,0.15520282186948853,False,0.0,0.0,0.0,0.0,0.0,0.0,0.0,0.0,0.0
geneformer,0.5,2,3706,True,132,pal_Patient 0025,0.0960604425256341,6.108707872403166,7,0.3513221802482461,0.3513221802482461,1754.5,fibroblast,0.8594171613599568,fibroblast of breast,0.0901241230437129,False,0.0,0.0,0.0,0.0,0.0,0.0,0.0,0.0,0.0
geneformer,0.5,3,1261,True,125,pal_Patient 0114,0.061855670103092786,6.188358597010161,7,0.43854084060269627,0.4091990483743061,1459.0,pericyte,0.3473433782712133,vascular associated smooth muscle cell,0.2616970658207772,False,0.0,0.0,0.0,0.0,0.0,0.0,0.0,0.0,0.0
geneformer,0.5,4,3119,True,112,BIOKEY_26,0.09009297851875601,5.546074072693679,8,0.7088810516191086,0.7088810516191086,395.0,malignant cell,0.7672330875280539,fibroblast,0.10484129528695095,False,0.44,0.0,0.0,0.56,0.0,0.0,0.43,0.0,0.0
geneformer,0.5,5,1670,True,38,pal_Patient 0135,0.9011976047904192,0.8976969533790292,6,0.4994011976047904,0.9616766467065868,1846.0,malignant cell,0.981437125748503,mammary gland epithelial cell,0.016766467065868262,True,0.12,0.0,0.0,0.1,0.0,0.0,0.07,0.0,0.0
geneformer,0.5,6,545,True,27,pal_Patient 4031,0.8422018348623853,1.2475311316227444,6,0.48073394495412847,0.9211009174311927,2909.0,malignant cell,0.9119266055045872,mammary gland epithelial cell,0.08623853211009175,True,0.4,0.0,0.0,0.34,0.0,0.0,0.23,0.0,0.0
geneformer,0.5,7,4188,True,135,pal_Patient 0177,0.08094555873925502,6.092041594811307,8,0.3127984718242598,0.34169054441260743,1269.0,macrophage,0.4899713467048711,myeloid cell,0.2874880611270296,False,0.0,0.0,0.0,0.0,0.0,0.0,0.0,0.0,0.0
geneformer,0.5,8,1082,True,29,TBB338,0.24306839186691312,3.34890305851983,5,0.9565619223659889,0.9750462107208873,2833.0,macrophage,0.5064695009242144,conventional dendritic cell,0.3465804066543438,False,0.0,0.0,0.0,0.0,0.0,0.0,0.0,0.0,0.0
geneformer,0.5,9,2486,True,129,Patient2_T3,0.09332260659694289,6.004908016540077,7,0.5172968624296058,0.49678197908286403,1512.0,endothelial cell,0.5957361222847949,vein endothelial cell,0.13314561544650041,False,0.0,0.0,0.0,0.0,0.0,0.0,0.0,0.0,0.0
geneformer,0.5,10,5132,True,95,pal_Patient 0177,0.19894777864380359,4.3255327599094695,8,0.47817614964925953,0.6118472330475448,514.0,"effector memory CD8-positive, alpha-beta T cell",0.15900233826968044,natural killer cell,0.1348402182385035,False,0.24,0.0,0.04,0.36,0.0,0.02,0.29,0.0,0.02
geneformer,0.5,11,2284,True,45,TBB011,0.11777583187390543,4.147123714242896,6,0.8971103327495622,0.9697898423817863,1135.5,"effector memory CD8-positive, alpha-beta T cell",0.212784588441331,natural killer cell,0.1436077057793345,False,0.0,0.0,0.0,0.0,0.0,0.0,0.0,0.0,0.0
geneformer,0.5,12,6791,True,108,pal_Patient 0125,0.0915918126932705,4.792345039364143,8,0.5137682226476219,0.7920777499631866,1016.0,malignant cell,0.9567074068620233,luminal epithelial cell of mammary gland,0.014136356943012811,False,0.48,0.0,0.08,0.38,0.0,0.04,0.35,0.0,0.02
geneformer,0.5,13,3907,True,76,pal_Patient 0337,0.08216022523675455,5.02660578022925,8,0.5490145891988738,0.5149731251599693,3147.0,malignant cell,0.9160481187611978,luminal epithelial cell of mammary gland,0.043255694906577935,False,0.0,0.0,0.0,0.0,0.0,0.0,0.0,0.0,0.0
geneformer,0.5,14,2199,True,65,BIOKEY_30,0.12687585266030013,4.866980350346515,5,0.5788994997726239,0.5788994997726239,3121.0,malignant cell,0.6011823556161892,luminal epithelial cell of mammary gland,0.21282401091405184,False,0.0,0.0,0.0,0.0,0.0,0.0,0.0,0.0,0.0
geneformer,0.5,15,39,False,2,HTAPP-783,0.9487179487179487,0.29181825659888583,1,1.0,1.0,3142.0,malignant cell,0.9487179487179487,keratinocyte,0.05128205128205128,True,,,,,,,,,
geneformer,0.5,16,1125,True,27,pal_Patient 0178,0.912,0.7742630019189407,6,0.5128888888888888,0.9662222222222222,348.0,malignant cell,0.9937777777777778,"CD4-positive, alpha-beta T cell",0.0035555555555555557,True,0.2,0.0,0.04,0.26,0.0,0.04,0.21,0.0,0.02
geneformer,0.5,17,4962,True,81,BIOKEY_12,0.062071745264006446,5.468522468307117,7,0.7567513099556631,0.7567513099556631,1202.0,T cell,0.8160016122531237,"CD4-positive, alpha-beta T cell",0.062071745264006446,False,0.08,0.0,0.0,0.16,0.0,0.0,0.18,0.0,0.0
geneformer,0.5,18,261,True,46,TBB035,0.1417624521072797,4.730437251809586,6,0.6168582375478927,0.578544061302682,996.0,mast cell,0.9501915708812261,fibroblast,0.022988505747126436,False,0.0,0.0,0.0,0.02,0.0,0.0,0.03,0.0,0.0
geneformer,0.5,19,1311,True,11,BC401_Tumor,0.2128146453089245,3.1352386394004714,1,1.0,0.9931350114416476,1575.0,malignant cell,0.5308924485125858,exhausted T cell,0.18077803203661327,False,0.0,0.0,0.0,0.0,0.0,0.0,0.0,0.0,0.0
geneformer,0.5,20,635,True,17,CID3586,0.34330708661417325,2.7897975854009105,3,0.9968503937007874,0.9937007874015747,775.0,"CD4-positive, alpha-beta T cell",0.5826771653543307,"CD8-positive, alpha-beta T cell",0.35118110236220473,False,0.2,0.0,0.0,0.28,0.0,0.0,0.26,0.0,0.0
geneformer,0.5,21,223,True,10,BC392_Tumor,0.5067264573991032,1.4021474897131005,5,0.9596412556053812,0.9641255605381166,1377.0,malignant cell,0.9820627802690582,mammary gland epithelial cell,0.008968609865470852,False,0.0,0.0,0.04,0.02,0.0,0.02,0.02,0.0,0.01
geneformer,0.5,22,513,True,9,pal_Patient 0131,0.9766081871345029,0.2283470557809343,4,0.530214424951267,0.9961013645224172,2006.0,malignant cell,0.9941520467836257,luminal epithelial cell of mammary gland,0.003898635477582846,True,0.8,0.0,0.0,0.7,0.0,0.0,0.5,0.0,0.0
geneformer,1.0,0,581,True,51,BIOKEY_4,0.14974182444061962,4.808887942835882,3,0.6781411359724613,0.6781411359724613,1083.0,B cell,0.7108433734939759,memory B cell,0.13080895008605853,False,0.44,0.0,0.0,0.48,0.0,0.0,0.41,0.0,0.0
geneformer,1.0,1,446,True,73,pal_Patient 0177,0.1681614349775785,5.0858670187345085,6,0.3452914798206278,0.3452914798206278,1846.5,T cell,0.4641255605381166,cycling T cell,0.4147982062780269,False,0.0,0.0,0.0,0.0,0.0,0.0,0.0,0.0,0.0
geneformer,1.0,2,1137,True,77,pal_Patient 0177,0.20580474934036938,4.363820563328087,7,0.4098504837291117,0.455584872471416,769.0,IgG plasma cell,0.7159190853122251,plasmablast,0.1547933157431838,False,0.0,0.0,0.0,0.0,0.0,0.0,0.0,0.0,0.0
geneformer,1.0,3,914,True,61,BIOKEY_3,0.10831509846827134,5.127074475028325,4,0.7669584245076586,0.7669584245076586,2983.5,fibroblast,0.8227571115973742,fibroblast of breast,0.06455142231947483,False,0.0,0.0,0.0,0.0,0.0,0.0,0.0,0.0,0.0
geneformer,1.0,4,2201,True,115,pal_Patient 0025,0.16038164470695138,5.544745460856819,8,0.33030440708768743,0.4120854157201272,1092.0,fibroblast,0.8700590640617901,fibroblast of breast,0.1040436165379373,False,0.0,0.0,0.0,0.0,0.0,0.0,0.0,0.0,0.0
geneformer,1.0,5,885,True,50,TBB226,0.15254237288135594,4.250065917894482,6,0.8677966101694915,0.8813559322033898,2881.0,fibroblast,0.5887005649717514,vascular associated smooth muscle cell,0.18870056497175142,False,0.0,0.0,0.0,0.0,0.0,0.0,0.0,0.0,0.0
geneformer,1.0,6,3091,True,110,BIOKEY_26,0.09058557101261727,5.545177609537152,8,0.7078615334843092,0.7078615334843092,395.0,malignant cell,0.7783888709155613,fibroblast,0.10320284697508897,False,0.44,0.0,0.0,0.58,0.0,0.0,0.44,0.0,0.0
geneformer,1.0,7,2543,True,63,pal_Patient 0001,0.20015729453401496,3.647070309197861,6,0.49429807314195834,0.9272512780180888,587.0,malignant cell,0.9870232009437672,luminal epithelial cell of mammary gland,0.004325599685410932,False,0.56,0.0,0.04,0.58,0.0,0.04,0.45,0.0,0.02
geneformer,1.0,8,1709,True,43,pal_Patient 0135,0.8829724985371562,1.0553943748539016,6,0.49795201872440026,0.9561146869514335,1832.0,malignant cell,0.9824458747805734,mammary gland epithelial cell,0.01579871269748391,True,0.12,0.0,0.0,0.1,0.0,0.0,0.07,0.0,0.0
geneformer,1.0,9,3734,True,82,pal_Patient 0029-9C,0.13899303695768614,4.378869505306524,7,0.49973219068023567,0.7399571505088377,1433.0,malignant cell,0.9678628816282807,luminal epithelial cell of mammary gland,0.019550080342795928,False,0.24,0.0,0.04,0.22,0.0,0.04,0.21,0.0,0.02
geneformer,1.0,10,936,True,115,CID4471,0.07585470085470085,6.0625529584858375,7,0.2938034188034188,0.33547008547008544,1134.5,pericyte,0.3301282051282051,fibroblast,0.29914529914529914,False,0.0,0.0,0.0,0.0,0.0,0.0,0.0,0.0,0.0
geneformer,1.0,11,3122,True,78,pal_Patient 0337,0.08616271620755926,4.939274761960432,8,0.47757847533632286,0.6012171684817424,3194.5,malignant cell,0.8904548366431775,luminal epithelial cell of mammary gland,0.05253042921204356,False,0.0,0.0,0.0,0.0,0.0,0.0,0.0,0.0,0.01
geneformer,1.0,12,2138,True,64,BIOKEY_30,0.12862488306828812,4.871581489341123,5,0.5804490177736202,0.5804490177736202,3088.0,malignant cell,0.6024321796071095,luminal epithelial cell of mammary gland,0.21936389148737137,False,0.0,0.0,0.0,0.0,0.0,0.0,0.0,0.0,0.0
geneformer,1.0,13,564,True,26,pal_Patient 4031,0.8102836879432624,1.3809044144489504,5,0.46631205673758863,0.9237588652482269,2869.5,malignant cell,0.8776595744680851,mammary gland epithelial cell,0.12056737588652482,True,0.48,0.0,0.0,0.34,0.0,0.0,0.23,0.0,0.0
geneformer,1.0,14,854,True,69,Patient4_T7,0.2693208430913349,3.69216048718019,7,0.7435597189695551,0.7587822014051522,610.5,malignant cell,0.36416861826697894,"effector memory CD4-positive, alpha-beta T cell",0.09718969555035128,False,0.04,0.0,0.12,0.02,0.0,0.06,0.01,0.0,0.03
geneformer,1.0,15,1803,True,26,TBB011,0.14919578480310594,3.6682409431672998,4,0.9101497504159733,0.992789794786467,1248.0,"effector memory CD8-positive, alpha-beta T cell",0.23960066555740434,natural killer cell,0.16139767054908485,False,0.0,0.0,0.0,0.0,0.0,0.0,0.0,0.0,0.0
geneformer,1.0,16,4709,True,91,pal_Patient 0177,0.20046719048630282,4.257571108665385,8,0.4986196644722871,0.6375026544913994,503.0,"effector memory CD8-positive, alpha-beta T cell",0.17307283924400085,natural killer cell,0.14355489488214057,False,0.24,0.0,0.04,0.36,0.0,0.02,0.3,0.0,0.02
geneformer,1.0,17,4693,True,71,BIOKEY_12,0.0641380779884935,5.432751019741901,6,0.7705092691242276,0.7705092691242276,1179.0,T cell,0.8246324312806307,"CD4-positive, alpha-beta T cell",0.05668016194331984,False,0.12,0.0,0.0,0.18,0.0,0.0,0.19,0.0,0.0
geneformer,1.0,18,1639,True,122,Patient2_T3,0.13605857230018303,5.725926170595354,7,0.5302013422818792,0.4942037827943868,981.0,endothelial cell,0.5594874923733985,endothelial cell of vascular tree,0.17876754118364857,False,0.0,0.0,0.0,0.0,0.0,0.0,0.0,0.0,0.0
geneformer,1.0,19,836,True,98,CID4471,0.07894736842105263,5.707672858173833,7,0.4880382775119617,0.4988038277511962,3224.5,endothelial cell,0.6734449760765551,vein endothelial cell,0.16148325358851676,False,0.0,0.0,0.0,0.0,0.0,0.0,0.0,0.0,0.0
geneformer,1.0,20,720,True,63,CID4513,0.12083333333333333,5.065869836662881,4,0.6513888888888889,0.6513888888888889,2895.0,myeloid cell,0.6708333333333333,macrophage,0.15833333333333333,False,0.0,0.0,0.0,0.0,0.0,0.0,0.0,0.0,0.0
geneformer,1.0,21,3327,True,131,pal_Patient 0177,0.0916741809437932,5.918357004028402,8,0.3739104298166516,0.4189960925758942,1013.0,macrophage,0.5788999098286745,myeloid cell,0.21280432822362488,False,0.0,0.0,0.0,0.0,0.0,0.0,0.0,0.0,0.01
geneformer,1.0,22,1107,True,32,TBB338,0.24841915085817526,3.401722900183211,5,0.948509485094851,0.9683830171635049,2825.0,macrophage,0.5022583559168925,conventional dendritic cell,0.34236675700090335,False,0.0,0.0,0.0,0.0,0.0,0.0,0.0,0.0,0.0
geneformer,1.0,23,583,True,54,pal_Patient 0114,0.27958833619210977,4.487197780487205,7,0.6346483704974271,0.5849056603773585,1071.0,malignant cell,0.8284734133790738,fibroblast,0.11149228130360206,False,0.52,0.0,0.0,0.54,0.0,0.0,0.4,0.0,0.0
geneformer,1.0,24,261,True,46,TBB035,0.1417624521072797,4.730437251809586,6,0.6168582375478927,0.578544061302682,996.0,mast cell,0.9501915708812261,fibroblast,0.022988505747126436,False,0.0,0.0,0.0,0.02,0.0,0.0,0.03,0.0,0.0
geneformer,1.0,25,955,True,62,pal_Patient 0176,0.24083769633507854,4.1777074441823485,6,0.5916230366492147,0.7832460732984293,687.0,memory B cell,0.8638743455497382,plasmacytoid dendritic cell,0.0774869109947644,False,0.36,0.0,0.0,0.5,0.0,0.0,0.45,0.0,0.0
geneformer,1.0,26,841,True,11,BC394_Tumor,0.2568370986920333,3.1626848019951375,1,1.0,0.9916765755053508,1105.0,malignant cell,0.3210463733650416,exhausted T cell,0.262782401902497,False,0.0,0.0,0.0,0.0,0.0,0.0,0.0,0.0,0.0
geneformer,1.0,27,683,True,18,CID3586,0.3294289897510981,2.8548293579161745,3,0.9956076134699854,0.9926793557833089,798.0,"CD4-positive, alpha-beta T cell",0.5988286969253295,"CD8-positive, alpha-beta T cell",0.33382137628111275,False,0.2,0.0,0.0,0.24,0.0,0.0,0.22,0.0,0.0
geneformer,1.0,28,184,False,2,CID4398,0.9945652173913043,0.04870831254625328,1,1.0,1.0,510.5,"CD4-positive, alpha-beta T cell",0.6413043478260869,"CD8-positive, alpha-beta T cell",0.25,True,,,,,,,,,
geneformer,1.0,29,1111,True,26,pal_Patient 0178,0.9198919891989199,0.7155864202853287,6,0.5139513951395139,0.9693969396939695,348.0,malignant cell,0.9936993699369937,"CD4-positive, alpha-beta T cell",0.0036003600360036,True,0.2,0.0,0.04,0.26,0.0,0.04,0.21,0.0,0.02
geneformer,1.0,30,40,False,3,HTAPP-783,0.925,0.4531837316805838,2,0.975,1.0,3167.0,malignant cell,0.925,keratinocyte,0.05,True,,,,,,,,,
geneformer,1.0,31,470,True,9,BC401_Tumor,0.451063829787234,2.2856848593730326,1,1.0,0.9957446808510638,2965.0,malignant cell,0.9063829787234042,cycling T cell,0.036170212765957444,False,0.0,0.0,0.0,0.0,0.0,0.0,0.0,0.0,0.0
geneformer,1.0,32,228,True,10,BC392_Tumor,0.5,1.3694732776969691,6,0.9605263157894737,0.9649122807017544,1376.0,malignant cell,0.9824561403508771,mammary gland epithelial cell,0.008771929824561403,False,0.0,0.0,0.04,0.02,0.0,0.02,0.02,0.0,0.01
geneformer,1.0,33,507,True,10,pal_Patient 0131,0.9743589743589743,0.2511409263468696,4,0.5266272189349113,0.9940828402366864,2023.0,malignant cell,0.9940828402366864,luminal epithelial cell of mammary gland,0.0039447731755424065,True,0.8,0.0,0.0,0.7,0.0,0.0,0.51,0.0,0.0
geneformer,1.0,34,450,True,16,TBB075,0.3511111111111111,2.642461935065193,4,0.9888888888888889,0.9888888888888889,4561.0,malignant cell,0.9977777777777778,mammary gland epithelial cell,0.0022222222222222222,False,0.0,0.0,0.0,0.0,0.0,0.0,0.0,0.0,0.0
